CustomerID,Name,Age,Gender,SubscriptionType,SubscriptionDate,LastLoginDate,TotalSessions,FeedbackScore,IsChurned
CUST0001,Ross Walker,53,Other,Monthly,2025-01-16,2026-01-01,18,8,1
CUST0002,Kyle Holmes,21,Female,Monthly,2025-02-08,2025-06-20,48,7,1
CUST0003,Ryan Harrington,50,Female,Monthly,2024-06-08,2025-11-28,4,1,1
CUST0004,Christina Gonzales,47,Other,Yearly,2024-10-10,2025-04-15,48,4,1
CUST0005,Shaun Miller,34,Male,Yearly,2026-03-17,2026-04-07,39,8,0
CUST0006,Thomas Rodriguez,59,Male,Yearly,2025-06-20,2026-03-20,38,4,0
CUST0007,Bryan Ellis,28,Other,Yearly,2025-04-19,2025-06-01,18,9,1
CUST0008,Amber Jenkins,55,Other,Yearly,2025-09-01,2025-11-26,11,5,1
CUST0009,Peter Rodriguez,37,Other,Quarterly,2025-02-18,2025-02-21,47,4,1
CUST0010,James Gomez,45,Male,Quarterly,2024-06-22,2026-03-24,33,9,0
CUST0011,William Blankenship,53,Male,Quarterly,2024-11-09,2025-12-28,28,5,1
CUST0012,Jennifer Cook,29,Male,Quarterly,2024-11-29,2024-12-01,50,3,1
CUST0013,Suzanne Cisneros,46,Female,Monthly,2024-08-12,2025-05-08,11,3,1
CUST0014,Thomas Alvarado,47,Female,Quarterly,2025-10-29,2026-01-07,40,10,1
CUST0015,Michael Molina,46,Male,Yearly,2025-05-31,2026-01-22,20,7,1
CUST0016,Carl Ortiz,26,Male,Quarterly,2025-11-18,2026-01-16,7,9,1
CUST0017,Donald Patton,51,Female,Quarterly,2025-08-27,2025-09-22,37,8,1
CUST0018,Mrs. Lisa Stanley,23,Other,Monthly,2024-11-18,2025-11-26,1,9,1
CUST0019,Melissa Wang,33,Female,Yearly,2025-07-02,2025-11-10,6,1,1
CUST0020,Anthony Johnson,30,Other,Quarterly,2024-12-12,2025-12-04,49,9,1
CUST0021,Tracy Miller,46,Female,Monthly,2026-01-22,2026-01-31,28,3,1
CUST0022,Christopher Freeman,55,Male,Monthly,2025-12-29,2026-02-27,20,10,0
CUST0023,Heidi Patterson,37,Male,Quarterly,2024-11-17,2025-04-17,23,5,1
CUST0024,Brian Williamson,48,Other,Yearly,2024-12-03,2025-09-27,27,10,1
CUST0025,Lauren Cooper,23,Other,Monthly,2025-10-07,2026-02-02,36,5,1
CUST0026,Christopher Hall,49,Female,Quarterly,2024-05-09,2026-01-31,49,10,1
CUST0027,Bryan Matthews,48,Other,Quarterly,2025-01-18,2025-04-04,8,9,1
CUST0028,Karen Morgan,27,Female,Quarterly,2024-11-18,2026-03-10,11,3,0
CUST0029,Tara Long,51,Other,Monthly,2024-04-27,2026-02-28,11,6,0
CUST0030,Vincent Macias,28,Other,Quarterly,2024-08-17,2024-12-10,6,9,1
CUST0031,Karla King,30,Female,Quarterly,2024-08-22,2026-01-12,28,5,1
CUST0032,Jacob Olson,36,Other,Yearly,2026-01-26,2026-02-27,23,1,0
CUST0033,Sean Robinson,30,Other,Quarterly,2024-11-09,2025-11-21,48,6,1
CUST0034,Henry Lawson,49,Male,Yearly,2025-05-12,2025-08-02,41,2,1
CUST0035,Timothy Cruz,60,Other,Yearly,2024-06-29,2025-10-02,34,9,1
CUST0036,Stephanie Ruiz,43,Female,Monthly,2024-05-17,2025-08-03,32,8,1
CUST0037,Justin Ford,47,Other,Monthly,2025-04-20,2026-02-07,9,7,1
CUST0038,Jacob Rogers,37,Other,Monthly,2025-07-11,2026-04-16,22,8,0
CUST0039,Christopher Reynolds,43,Other,Yearly,2024-10-18,2025-09-17,20,5,1
CUST0040,Jennifer Mcmillan,37,Other,Monthly,2024-07-02,2024-11-29,34,8,1
CUST0041,Amy Martinez,25,Male,Quarterly,2024-04-26,2024-09-19,17,10,1
CUST0042,Megan Ramirez,50,Male,Quarterly,2025-01-21,2025-06-26,28,6,1
CUST0043,Joseph Mcpherson,37,Male,Monthly,2024-12-08,2025-06-30,36,7,1
CUST0044,Stephanie Reyes,33,Female,Monthly,2025-01-25,2025-06-14,29,8,1
CUST0045,Douglas Kelley,44,Female,Yearly,2024-12-02,2025-05-12,8,1,1
CUST0046,Courtney Cook,40,Female,Yearly,2024-05-22,2024-09-14,4,8,1
CUST0047,Lisa Graves,34,Male,Yearly,2024-06-12,2025-03-06,43,10,1
CUST0048,Katelyn Smith,32,Male,Monthly,2024-08-05,2026-02-04,5,5,1
CUST0049,Nicole Johnson,50,Female,Monthly,2025-03-20,2025-11-21,40,1,1
CUST0050,Devon Huynh,27,Female,Monthly,2024-06-07,2025-04-13,6,10,1
CUST0051,Sarah Holmes,53,Female,Quarterly,2025-08-06,2025-12-17,37,9,1
CUST0052,Ms. Kelli Callahan MD,45,Male,Quarterly,2024-10-19,2025-03-09,49,9,1
CUST0053,Brenda Wheeler,51,Male,Yearly,2024-11-28,2025-06-08,34,6,1
CUST0054,Lori Kennedy,40,Other,Quarterly,2024-09-03,2025-06-09,50,2,1
CUST0055,Paul Newton,54,Male,Yearly,2024-08-10,2025-02-23,34,5,1
CUST0056,Sandra Arnold,32,Female,Quarterly,2026-03-12,2026-04-08,39,5,0
CUST0057,Nicholas Decker,32,Other,Quarterly,2024-10-26,2025-04-19,47,5,1
CUST0058,Cameron Johnson,28,Other,Yearly,2025-08-16,2025-12-10,23,2,1
CUST0059,Tyler Kim,45,Female,Yearly,2025-08-29,2025-11-20,6,5,1
CUST0060,Kevin Montes,20,Female,Monthly,2025-04-21,2025-11-14,13,9,1
CUST0061,Jerry Lopez,38,Male,Monthly,2026-02-07,2026-02-24,44,4,0
CUST0062,Amanda Kline,54,Male,Quarterly,2024-06-19,2026-04-06,34,3,0
CUST0063,Elizabeth Gomez,38,Female,Yearly,2025-09-08,2025-10-27,14,7,1
CUST0064,Luis Walker,54,Other,Monthly,2026-03-21,2026-04-06,10,3,0
CUST0065,Victoria Vasquez,22,Other,Yearly,2025-08-09,2026-01-18,30,1,1
CUST0066,Susan Hayes,25,Other,Yearly,2025-02-17,2025-12-12,41,7,1
CUST0067,Steven Moreno,56,Male,Yearly,2024-10-18,2025-02-27,3,1,1
CUST0068,Katherine Anderson,23,Male,Monthly,2024-12-06,2025-03-24,2,7,1
CUST0069,Grace Bowen,36,Other,Monthly,2025-05-26,2025-08-16,18,8,1
CUST0070,Jacob Dickson,34,Other,Monthly,2024-05-04,2024-05-20,2,4,1
CUST0071,Kevin Berry,33,Female,Quarterly,2025-05-16,2025-10-22,49,1,1
CUST0072,Tammy Mclaughlin MD,23,Female,Quarterly,2025-07-28,2025-11-26,38,6,1
CUST0073,Meghan Bailey,38,Female,Yearly,2024-08-14,2026-01-04,41,9,1
CUST0074,Alexander Carter,33,Other,Yearly,2024-11-17,2025-09-21,15,2,1
CUST0075,William Horton,44,Female,Monthly,2025-07-22,2025-10-12,5,5,1
CUST0076,Stacey Elliott,26,Female,Monthly,2026-01-19,2026-02-17,14,7,1
CUST0077,Denise Davenport,39,Other,Yearly,2025-10-24,2026-01-27,33,10,1
CUST0078,Helen Guerra,31,Male,Quarterly,2025-03-18,2025-07-29,41,3,1
CUST0079,Diamond Ramsey,36,Male,Quarterly,2026-03-19,2026-03-19,23,6,0
CUST0080,Stephanie Taylor,48,Female,Yearly,2025-01-26,2025-10-01,20,6,1
CUST0081,Todd Burch,27,Male,Monthly,2024-08-28,2025-10-26,22,5,1
CUST0082,Jordan Wagner,20,Other,Yearly,2025-01-25,2025-06-09,5,2,1
CUST0083,Kimberly Castro,36,Other,Quarterly,2025-01-20,2025-04-04,1,7,1
CUST0084,Bobby Alvarez,50,Other,Monthly,2026-02-08,2026-03-28,45,2,0
CUST0085,Ashley King,21,Other,Monthly,2024-05-15,2025-08-04,35,7,1
CUST0086,Amber Peterson,56,Male,Monthly,2024-08-22,2025-07-03,21,6,1
CUST0087,Sandra Taylor,38,Other,Quarterly,2024-08-18,2025-02-11,42,9,1
CUST0088,Ruth Watts,55,Other,Quarterly,2024-12-01,2025-04-05,7,1,1
CUST0089,Sophia Reid,46,Other,Yearly,2025-05-18,2026-03-16,40,3,0
CUST0090,Douglas Jordan,20,Other,Quarterly,2025-08-11,2026-03-09,17,8,0
CUST0091,Heather Klein,40,Male,Monthly,2025-06-14,2025-06-25,24,1,1
CUST0092,Nicole Hernandez,41,Other,Monthly,2025-12-30,2026-03-04,2,9,0
CUST0093,Jennifer Fields,34,Male,Monthly,2025-01-31,2025-11-10,18,1,1
CUST0094,Rita Thompson,27,Other,Yearly,2025-10-28,2025-12-28,34,8,1
CUST0095,Mrs. Heather Franklin DDS,55,Male,Quarterly,2025-11-12,2025-12-29,6,8,1
CUST0096,Victoria Higgins,53,Male,Yearly,2025-10-05,2026-03-13,6,7,0
CUST0097,Valerie Calderon,54,Male,Quarterly,2024-06-28,2024-09-01,34,7,1
CUST0098,Erin Harrell,23,Male,Quarterly,2025-03-07,2025-10-20,38,5,1
CUST0099,Laura Wagner,52,Female,Yearly,2024-06-10,2025-08-01,21,5,1
CUST0100,Matthew Hamilton,22,Male,Monthly,2025-08-10,2026-01-10,0,9,1
CUST0101,Krista Martin,48,Other,Yearly,2025-06-20,2025-11-08,40,1,1
CUST0102,Janice Watkins,28,Female,Yearly,2025-09-08,2025-09-28,40,5,1
CUST0103,Lisa Hernandez,37,Male,Yearly,2024-06-16,2026-01-10,36,8,1
CUST0104,Marisa Washington,35,Male,Quarterly,2025-05-07,2026-01-01,29,7,1
CUST0105,Rachel Ramirez,47,Female,Quarterly,2024-08-17,2025-11-22,32,8,1
CUST0106,Monica Levy,24,Female,Monthly,2025-08-04,2025-11-02,29,8,1
CUST0107,Stacey Elliott,37,Female,Monthly,2024-05-27,2025-10-15,33,9,1
CUST0108,Jeremy Cole,19,Male,Monthly,2024-08-22,2026-01-15,27,4,1
CUST0109,Kyle Wood,49,Male,Yearly,2024-09-12,2026-02-28,39,9,0
CUST0110,Evan Collins,48,Female,Quarterly,2024-06-28,2026-02-04,25,7,1
CUST0111,Stephanie Cooper,41,Other,Quarterly,2024-06-03,2025-09-19,50,1,1
CUST0112,Pamela Duran,25,Female,Yearly,2025-05-12,2026-03-20,12,2,0
CUST0113,David Guerrero,40,Male,Quarterly,2025-05-19,2026-01-27,42,8,1
CUST0114,Travis Reyes,36,Male,Quarterly,2024-07-16,2024-08-13,20,4,1
CUST0115,Wayne Moore,29,Female,Monthly,2024-12-16,2025-10-27,19,5,1
CUST0116,William Rosales,58,Male,Yearly,2025-10-24,2026-01-18,23,10,1
CUST0117,Abigail Martinez,30,Female,Monthly,2026-01-25,2026-02-02,4,7,1
CUST0118,Melissa Murphy,52,Other,Quarterly,2024-08-11,2026-04-23,16,7,0
CUST0119,Dylan Larson,31,Male,Monthly,2025-07-26,2026-04-21,3,4,1
CUST0120,Michael Harvey,47,Female,Monthly,2026-01-04,2026-02-27,24,5,0
CUST0121,Sarah Garcia,53,Other,Quarterly,2025-07-27,2026-04-14,49,2,0
CUST0122,Joshua Rodgers,47,Female,Yearly,2024-07-09,2025-09-16,14,1,1
CUST0123,Stacy Brown,43,Male,Yearly,2025-12-03,2026-01-22,42,1,1
CUST0124,Adam Miller,34,Male,Quarterly,2025-05-21,2025-06-18,9,3,1
CUST0125,Laura Mack,48,Other,Monthly,2025-09-24,2026-01-27,20,3,1
CUST0126,Kyle Klein,40,Female,Quarterly,2025-05-03,2025-09-02,3,8,1
CUST0127,Scott Anderson,42,Female,Quarterly,2026-02-03,2026-04-04,39,5,0
CUST0128,Austin Griffin,57,Male,Monthly,2024-12-24,2025-01-18,36,1,1
CUST0129,Ryan Griffin,50,Female,Quarterly,2025-12-14,2026-03-07,23,7,0
CUST0130,Brittany Ford,18,Other,Yearly,2025-11-26,2025-12-05,15,1,1
CUST0131,Terri Morris,47,Male,Yearly,2024-07-06,2024-12-24,34,7,1
CUST0132,Joshua Newton,33,Female,Yearly,2024-08-08,2024-10-27,13,7,1
CUST0133,Charles King,42,Female,Quarterly,2024-09-13,2025-07-08,37,1,1
CUST0134,Jennifer Davis,21,Male,Monthly,2025-12-04,2026-02-14,28,5,1
CUST0135,Patricia Williams,47,Female,Yearly,2024-06-06,2025-02-24,24,5,1
CUST0136,Jeremy Robinson,38,Other,Monthly,2024-09-03,2024-10-12,14,10,1
CUST0137,Tracy Haas,47,Male,Monthly,2025-08-07,2025-09-22,32,1,1
CUST0138,Doris Martin,46,Other,Monthly,2024-10-30,2025-01-24,8,10,1
CUST0139,Kyle Ramirez,26,Female,Yearly,2025-06-23,2025-08-15,9,7,1
CUST0140,Brenda Nelson,33,Male,Monthly,2024-09-11,2025-12-11,40,5,1
CUST0141,Pedro Lopez,34,Male,Quarterly,2024-12-09,2025-04-24,0,5,1
CUST0142,Brittany Harvey,41,Other,Yearly,2024-06-22,2025-11-19,37,8,1
CUST0143,Willie Russell,56,Female,Monthly,2024-06-12,2024-07-11,47,7,1
CUST0144,Philip Howard,44,Other,Quarterly,2024-09-22,2025-02-23,41,1,1
CUST0145,Mark Maldonado,55,Male,Monthly,2024-08-10,2025-05-20,9,2,1
CUST0146,Robert Cantrell,25,Female,Yearly,2024-08-27,2025-08-18,12,10,1
CUST0147,Brenda Rodriguez,54,Female,Quarterly,2025-12-21,2026-04-11,50,4,0
CUST0148,Matthew Snyder,27,Other,Monthly,2025-08-09,2026-04-22,44,2,0
CUST0149,Rodney Hanson,48,Female,Yearly,2024-09-09,2025-12-26,7,3,1
CUST0150,Lindsey Trevino,34,Female,Quarterly,2025-04-12,2025-12-05,11,9,1
CUST0151,Gina Arnold,52,Other,Yearly,2024-08-24,2024-11-25,10,4,1
CUST0152,Brian Poole,53,Male,Yearly,2025-10-15,2025-11-24,50,8,1
CUST0153,Anthony Mitchell,56,Male,Yearly,2026-02-01,2026-02-12,24,4,1
CUST0154,Oscar Shannon,46,Female,Yearly,2024-05-09,2025-10-16,29,2,1
CUST0155,Dale Mathis,46,Other,Monthly,2025-03-20,2025-08-30,19,10,1
CUST0156,Julia Potts,34,Other,Quarterly,2024-09-17,2025-10-01,10,7,1
CUST0157,Janet Hobbs,25,Female,Quarterly,2025-05-13,2025-09-20,35,3,1
CUST0158,Michael Davis,20,Female,Monthly,2024-08-18,2024-11-18,46,6,1
CUST0159,Peter Lopez,36,Other,Yearly,2026-03-16,2026-03-19,13,7,0
CUST0160,Debbie Rogers,19,Other,Monthly,2024-09-07,2026-03-22,43,7,0
CUST0161,John Campbell,43,Male,Yearly,2025-03-19,2025-06-05,4,8,1
CUST0162,Andrew Lee,40,Other,Monthly,2025-11-16,2026-02-04,11,8,1
CUST0163,Kimberly Vazquez,22,Other,Monthly,2025-01-22,2026-01-17,1,7,1
CUST0164,Sara Villanueva,55,Female,Quarterly,2026-02-05,2026-04-17,34,2,0
CUST0165,Dennis Elliott,34,Male,Yearly,2024-11-29,2026-03-27,0,6,0
CUST0166,Ryan Martin,39,Female,Quarterly,2025-11-30,2026-04-10,27,9,0
CUST0167,James Briggs,49,Other,Quarterly,2025-04-05,2025-06-16,3,5,1
CUST0168,Nicholas Hinton,35,Other,Monthly,2025-06-27,2025-09-21,24,2,1
CUST0169,Justin Brown,22,Other,Quarterly,2025-11-21,2026-04-23,7,5,0
CUST0170,Stephanie Miller,42,Female,Yearly,2025-06-16,2025-11-24,4,10,1
CUST0171,Patricia Thornton,50,Male,Yearly,2024-12-19,2025-07-20,25,1,1
CUST0172,Carmen Chan,50,Other,Quarterly,2025-05-30,2026-01-09,17,2,1
CUST0173,William Summers,46,Female,Yearly,2024-09-13,2025-12-31,27,4,1
CUST0174,Katelyn Mckinney,23,Male,Monthly,2024-09-07,2025-09-01,2,8,1
CUST0175,Charles Moore,56,Female,Monthly,2025-12-19,2025-12-28,23,10,1
CUST0176,Adriana Johnson,33,Other,Quarterly,2025-09-20,2026-04-19,19,3,0
CUST0177,Meagan Gutierrez,37,Other,Monthly,2025-03-29,2025-10-20,1,5,1
CUST0178,Nancy Serrano,44,Male,Quarterly,2026-02-26,2026-04-10,36,6,0
CUST0179,Samantha Singleton,21,Other,Monthly,2025-04-20,2025-09-04,30,10,1
CUST0180,Karen Brooks,47,Other,Yearly,2024-08-13,2025-09-17,17,10,1
CUST0181,Debra Gill,60,Male,Quarterly,2025-04-29,2026-01-05,50,7,1
CUST0182,Jeffrey Simpson,44,Female,Quarterly,2025-05-12,2025-11-01,26,8,1
CUST0183,Christopher Boyd,49,Other,Quarterly,2025-06-26,2025-07-21,33,1,1
CUST0184,Lisa Pena,55,Other,Monthly,2025-10-08,2026-03-31,23,3,0
CUST0185,Dustin Willis,35,Other,Monthly,2025-07-08,2025-08-27,37,7,1
CUST0186,Michael Wright,26,Other,Yearly,2025-06-26,2026-01-22,29,4,1
CUST0187,Patrick Duarte,24,Male,Monthly,2025-01-10,2025-10-27,20,6,1
CUST0188,Catherine Blair,21,Male,Yearly,2025-05-03,2025-09-24,45,7,1
CUST0189,Lisa Keller,39,Male,Monthly,2024-12-13,2025-10-24,12,10,1
CUST0190,Christina Combs,28,Female,Quarterly,2025-08-15,2026-01-01,40,1,1
CUST0191,Michael Harrison,45,Other,Yearly,2026-03-09,2026-04-14,29,10,0
CUST0192,Benjamin Walsh,46,Male,Yearly,2025-05-06,2026-03-30,28,8,0
CUST0193,Samantha Leonard,41,Male,Yearly,2026-03-10,2026-04-20,23,4,0
CUST0194,Gregory Jackson,36,Female,Monthly,2025-07-23,2026-04-16,35,6,0
CUST0195,Keith Barker,23,Female,Monthly,2025-02-03,2025-06-14,41,9,1
CUST0196,Shawn Wright,51,Female,Yearly,2025-04-29,2026-02-07,32,2,1
CUST0197,Richard Garcia,54,Other,Quarterly,2025-07-11,2026-02-10,19,3,1
CUST0198,Stephanie Banks,56,Female,Yearly,2026-02-20,2026-04-02,26,1,0
CUST0199,Kyle Smith,31,Male,Yearly,2024-10-03,2025-06-05,50,10,1
CUST0200,Nicole Armstrong,37,Other,Quarterly,2024-10-25,2025-10-14,9,9,1
CUST0201,Pamela Reid,31,Female,Monthly,2026-01-04,2026-02-16,35,6,1
CUST0202,Jake Cannon,52,Other,Monthly,2024-06-06,2024-11-23,24,7,1
CUST0203,Holly Walker,25,Female,Yearly,2025-02-20,2025-03-22,2,5,1
CUST0204,Zachary Beasley,41,Other,Yearly,2025-03-20,2026-01-21,26,1,1
CUST0205,Elizabeth Delgado,40,Male,Monthly,2025-07-17,2026-04-10,49,7,0
CUST0206,Amanda Watson,47,Other,Yearly,2024-06-25,2025-11-29,25,8,1
CUST0207,Eric Moore,32,Female,Yearly,2025-05-13,2026-01-14,11,5,1
CUST0208,Patricia Howard,59,Female,Monthly,2025-08-05,2025-09-22,40,1,1
CUST0209,Betty Moore,28,Male,Yearly,2024-05-14,2024-11-25,26,7,1
CUST0210,Shawn Baker,53,Other,Monthly,2024-11-03,2025-11-01,35,10,1
CUST0211,Joe Collier,40,Female,Yearly,2026-02-08,2026-03-18,0,8,0
CUST0212,Loretta Wolfe,25,Male,Monthly,2024-10-31,2025-03-09,22,5,1
CUST0213,Elizabeth Contreras,22,Other,Monthly,2024-06-02,2025-07-23,45,8,1
CUST0214,Richard Williams,24,Other,Quarterly,2024-04-27,2026-04-18,19,4,0
CUST0215,Cheyenne Duarte,18,Female,Quarterly,2025-08-10,2025-12-26,22,4,1
CUST0216,Lisa Davidson,54,Other,Monthly,2025-06-10,2026-01-03,29,9,1
CUST0217,Amanda Cunningham,54,Female,Monthly,2024-10-02,2025-08-23,1,7,1
CUST0218,William Hernandez,49,Male,Monthly,2024-05-13,2025-09-23,24,10,1
CUST0219,John Spencer,19,Other,Monthly,2025-03-06,2025-04-29,34,4,1
CUST0220,Gina Olson,44,Female,Monthly,2025-01-09,2025-04-09,47,4,1
CUST0221,Edward Alexander,23,Other,Yearly,2024-11-13,2025-10-16,5,2,1
CUST0222,Christopher Rice,58,Male,Monthly,2025-09-16,2025-12-02,44,3,1
CUST0223,Edward Gomez,18,Male,Quarterly,2024-06-17,2025-10-25,26,7,1
CUST0224,Jerry Frazier,34,Other,Quarterly,2025-08-25,2025-12-21,32,2,1
CUST0225,Justin Gentry,57,Other,Yearly,2026-01-27,2026-04-11,44,10,0
CUST0226,Tiffany Kelly,49,Other,Quarterly,2024-07-13,2025-09-26,7,8,1
CUST0227,Eugene Flores,34,Female,Quarterly,2024-09-05,2026-02-19,19,7,1
CUST0228,Amber Robles,57,Female,Monthly,2024-05-22,2026-04-18,15,9,0
CUST0229,Courtney Mora,33,Other,Yearly,2025-12-06,2026-04-13,33,6,0
CUST0230,Linda Jackson,29,Female,Quarterly,2025-03-10,2025-06-01,15,6,1
CUST0231,Joanne Moore,57,Female,Quarterly,2025-03-26,2025-03-26,24,7,1
CUST0232,Becky Arellano,49,Male,Yearly,2025-05-21,2026-04-11,23,1,0
CUST0233,Stephanie Reynolds,43,Female,Monthly,2025-02-13,2026-02-22,33,8,1
CUST0234,Joanne Hall,36,Other,Yearly,2025-08-16,2026-03-25,30,10,0
CUST0235,Christopher Garcia,26,Female,Yearly,2025-10-12,2025-10-16,34,8,1
CUST0236,Ashley Owens,27,Male,Quarterly,2024-11-23,2026-03-23,11,5,0
CUST0237,Jeffery Burns,39,Female,Monthly,2025-12-12,2025-12-15,16,4,1
CUST0238,Patrick Smith,19,Male,Monthly,2025-02-28,2025-08-10,17,1,1
CUST0239,Brandon Moore,20,Female,Quarterly,2025-12-02,2026-03-11,43,4,0
CUST0240,Caleb Clark,38,Male,Quarterly,2025-10-17,2025-12-17,24,10,1
CUST0241,Elizabeth Mccoy,25,Other,Monthly,2024-10-28,2025-05-29,50,2,1
CUST0242,Timothy Camacho,49,Male,Quarterly,2024-12-04,2025-09-30,11,5,1
CUST0243,Victoria Thomas,18,Male,Quarterly,2025-04-07,2026-03-01,20,8,0
CUST0244,Miss Jessica Reid,55,Other,Monthly,2024-08-23,2025-11-27,46,7,1
CUST0245,Ariel Davis,25,Other,Monthly,2024-07-30,2024-08-10,45,10,1
CUST0246,John Willis,46,Other,Monthly,2025-03-26,2025-12-10,43,7,1
CUST0247,Susan Kirk,26,Other,Monthly,2024-07-01,2025-08-09,28,9,1
CUST0248,Allen Jones,55,Other,Monthly,2024-08-10,2024-12-21,7,8,1
CUST0249,Carl Owen,20,Other,Monthly,2024-12-12,2025-07-03,1,9,1
CUST0250,Keith Jones,34,Female,Quarterly,2024-07-20,2024-12-22,30,4,1
CUST0251,Casey Smith,53,Male,Monthly,2025-02-01,2025-07-07,40,7,1
CUST0252,Sarah Mills,54,Male,Monthly,2025-03-13,2025-09-13,1,6,1
CUST0253,Anna Brown,28,Female,Monthly,2024-06-09,2024-11-26,47,2,1
CUST0254,Stephen Franco,48,Male,Quarterly,2024-05-31,2025-12-29,24,6,1
CUST0255,Shelly Moore,49,Other,Quarterly,2025-04-30,2025-08-14,33,3,1
CUST0256,Todd Orozco,38,Male,Yearly,2025-11-27,2026-02-13,0,5,1
CUST0257,Lauren Lane,19,Other,Monthly,2024-07-17,2026-03-31,19,8,0
CUST0258,Stephanie Roberson,55,Male,Monthly,2024-07-10,2025-10-28,38,5,1
CUST0259,Nicholas Lee,35,Female,Yearly,2024-08-27,2025-06-10,31,8,1
CUST0260,Stephanie Castillo,59,Female,Yearly,2024-11-15,2026-04-14,13,2,0
CUST0261,Alexander Fernandez,36,Female,Yearly,2024-10-08,2025-03-31,27,1,1
CUST0262,Juan Fry,59,Other,Yearly,2025-04-16,2025-12-19,19,10,1
CUST0263,James Jennings,53,Male,Quarterly,2025-01-11,2025-05-08,25,3,1
CUST0264,Michael Williamson,60,Male,Monthly,2025-06-06,2025-10-20,23,7,1
CUST0265,Vanessa Taylor,34,Male,Quarterly,2025-06-24,2025-10-27,13,5,1
CUST0266,Patricia Baker,30,Female,Yearly,2026-03-10,2026-04-19,11,6,0
CUST0267,Kelly Walsh,39,Female,Quarterly,2025-11-02,2026-01-30,30,10,1
CUST0268,Michael Miller,42,Female,Monthly,2025-06-16,2025-11-09,48,1,1
CUST0269,Mitchell Jacobs,52,Male,Quarterly,2025-03-31,2025-12-27,29,2,1
CUST0270,Elizabeth Edwards,39,Other,Quarterly,2025-11-20,2026-04-24,23,4,0
CUST0271,Samantha Thomas,31,Male,Quarterly,2024-05-10,2025-08-28,15,9,1
CUST0272,John Kennedy,51,Other,Yearly,2025-12-18,2026-01-20,35,5,1
CUST0273,Steven Clark,36,Other,Yearly,2025-11-18,2026-04-01,3,8,0
CUST0274,Amanda Smith,27,Male,Quarterly,2024-11-14,2025-10-08,22,8,1
CUST0275,John Reed,52,Male,Quarterly,2024-09-18,2025-09-19,26,4,1
CUST0276,Richard Patterson,22,Male,Monthly,2024-05-01,2024-09-14,39,6,1
CUST0277,Elizabeth Johnson,27,Female,Monthly,2025-10-23,2025-12-07,43,9,1
CUST0278,William Miller,50,Other,Yearly,2025-02-13,2025-11-01,15,8,1
CUST0279,Maria Fields,44,Other,Monthly,2025-01-06,2025-07-15,45,1,1
CUST0280,Eric Joyce,57,Male,Quarterly,2024-05-28,2026-04-24,4,7,0
CUST0281,Frank Mullins,37,Female,Quarterly,2025-03-21,2025-06-10,22,7,1
CUST0282,Alicia Andrade,28,Other,Yearly,2025-10-08,2026-04-16,2,6,0
CUST0283,Mary Scott,55,Male,Monthly,2025-08-22,2026-04-17,15,10,0
CUST0284,Lisa Salazar,25,Female,Yearly,2025-05-22,2025-08-26,37,10,1
CUST0285,David Walsh,54,Male,Yearly,2025-01-17,2025-03-24,28,6,1
CUST0286,Matthew Martinez,44,Other,Monthly,2026-01-07,2026-02-22,11,10,1
CUST0287,Brittany Jones,53,Female,Quarterly,2024-10-02,2024-12-15,50,1,1
CUST0288,Sara Hale,39,Female,Monthly,2025-02-25,2025-05-03,30,6,1
CUST0289,Shari Simpson,58,Female,Quarterly,2024-06-13,2026-01-19,46,2,1
CUST0290,Christine Burns,56,Other,Quarterly,2024-05-23,2024-11-04,32,6,1
CUST0291,Carla Nguyen,50,Male,Quarterly,2026-02-14,2026-04-16,28,1,0
CUST0292,Cody Wright,50,Other,Monthly,2024-10-24,2024-12-05,24,1,1
CUST0293,Renee Baker,27,Other,Monthly,2024-11-03,2025-04-09,5,5,1
CUST0294,Leonard Wolf,34,Male,Monthly,2025-10-06,2025-12-09,11,2,1
CUST0295,Elizabeth Taylor,32,Other,Yearly,2024-07-06,2026-01-05,2,8,1
CUST0296,Michael Gutierrez,51,Other,Quarterly,2025-11-02,2025-11-15,47,3,1
CUST0297,Caleb Ramirez,38,Other,Quarterly,2025-10-21,2025-11-24,27,2,1
CUST0298,Katherine Williams,47,Other,Monthly,2024-05-21,2025-07-02,36,6,1
CUST0299,Jonathon Gutierrez,32,Male,Quarterly,2025-06-09,2025-12-24,8,2,1
CUST0300,Daniel Torres,28,Male,Yearly,2026-03-17,2026-03-23,27,1,0
CUST0301,Xavier Collins,29,Female,Yearly,2025-05-22,2025-10-27,3,2,1
CUST0302,Robert Alexander,37,Female,Yearly,2025-05-12,2025-06-10,13,4,1
CUST0303,Nicole Frederick,22,Other,Yearly,2025-09-16,2026-01-22,14,10,1
CUST0304,Arthur Green,41,Other,Quarterly,2024-06-14,2025-02-16,50,1,1
CUST0305,Craig Hughes,52,Male,Quarterly,2025-04-11,2025-06-21,27,4,1
CUST0306,Emily Mcgrath,19,Male,Quarterly,2024-10-26,2025-08-24,41,4,1
CUST0307,Heather Conway,30,Male,Quarterly,2025-04-26,2026-01-15,31,10,1
CUST0308,Nancy Stone,34,Male,Monthly,2024-05-07,2025-01-21,16,5,1
CUST0309,Jennifer Wilkins,54,Female,Monthly,2025-11-21,2026-01-04,50,2,1
CUST0310,Leonard Coleman,45,Female,Monthly,2024-05-15,2024-07-20,12,10,1
CUST0311,Kevin Jones,28,Other,Quarterly,2026-01-31,2026-03-02,39,2,0
CUST0312,Chase Henry,40,Female,Yearly,2025-12-16,2026-03-02,23,1,0
CUST0313,Danielle Gregory,55,Male,Quarterly,2025-08-15,2026-01-16,15,1,1
CUST0314,Brian Banks,21,Female,Yearly,2025-09-06,2025-11-22,19,3,1
CUST0315,Jeffrey Berg,34,Male,Monthly,2026-02-25,2026-03-13,7,5,0
CUST0316,Andre West,42,Male,Quarterly,2025-06-16,2025-09-16,18,8,1
CUST0317,Scott Lopez,42,Other,Monthly,2025-06-08,2025-12-13,1,8,1
CUST0318,Karen Brown,24,Male,Monthly,2025-06-29,2025-11-15,4,3,1
CUST0319,Kevin Acosta,34,Female,Monthly,2025-04-24,2025-05-15,48,8,1
CUST0320,Billy White,51,Female,Quarterly,2024-07-24,2024-12-26,34,3,1
CUST0321,Leslie Newman,56,Male,Yearly,2026-02-21,2026-03-24,31,3,0
CUST0322,Mr. John Thompson,19,Female,Quarterly,2024-05-27,2024-07-21,27,10,1
CUST0323,Angela Thompson,46,Other,Monthly,2024-12-29,2025-04-23,11,7,1
CUST0324,Mike Chen MD,27,Male,Yearly,2024-07-24,2026-03-05,13,2,0
CUST0325,Heather Johnson,25,Male,Monthly,2025-01-04,2025-01-04,8,10,1
CUST0326,Bobby Murphy,24,Male,Yearly,2025-02-11,2025-11-10,44,3,1
CUST0327,Christopher Sanchez,23,Female,Quarterly,2025-03-12,2025-03-25,33,8,1
CUST0328,Lisa Gibbs,40,Male,Quarterly,2025-05-01,2025-11-03,0,4,1
CUST0329,Michael Rich,34,Male,Yearly,2024-12-29,2025-11-09,10,8,1
CUST0330,Michael Freeman,43,Other,Monthly,2025-02-12,2026-03-06,50,5,0
CUST0331,Craig Young,28,Other,Monthly,2024-05-21,2025-03-14,18,8,1
CUST0332,Micheal Smith,57,Male,Yearly,2025-05-09,2026-04-22,7,3,0
CUST0333,Daniel Dixon,21,Male,Quarterly,2025-05-11,2025-10-14,18,10,1
CUST0334,Jennifer King,24,Male,Monthly,2025-08-07,2025-12-28,38,1,1
CUST0335,Veronica Freeman,22,Male,Yearly,2025-01-19,2025-09-23,45,1,1
CUST0336,Jennifer Johnson,21,Female,Yearly,2026-02-28,2026-03-08,22,5,0
CUST0337,Erin Mercado,23,Other,Monthly,2025-05-21,2026-02-19,44,5,1
CUST0338,Marc Harper,40,Female,Monthly,2025-06-26,2025-11-21,5,1,1
CUST0339,Brandon Campbell,20,Male,Monthly,2024-11-29,2025-05-11,46,8,1
CUST0340,Mark Stout,58,Male,Yearly,2024-07-19,2025-02-24,39,8,1
CUST0341,Ashley Morse,46,Male,Quarterly,2025-10-19,2026-03-04,18,9,0
CUST0342,Brian Smith,22,Male,Quarterly,2026-01-28,2026-02-23,17,8,1
CUST0343,Brandon Ray,18,Female,Yearly,2025-10-06,2025-10-08,50,9,1
CUST0344,Sheryl Lester,25,Other,Yearly,2026-01-25,2026-04-22,21,2,0
CUST0345,Amber Phillips,19,Other,Quarterly,2026-02-23,2026-03-05,48,7,0
CUST0346,Catherine Vaughn,38,Female,Monthly,2024-09-16,2025-05-06,9,6,1
CUST0347,Madeline Bolton,20,Female,Monthly,2025-12-22,2026-04-07,31,7,0
CUST0348,Monique Delgado,47,Other,Monthly,2025-08-29,2026-04-10,42,7,0
CUST0349,Sarah Cook,44,Female,Quarterly,2025-04-24,2025-05-05,29,2,1
CUST0350,Joel Rodriguez,35,Other,Quarterly,2024-07-16,2025-07-18,32,2,1
CUST0351,Dean Novak,50,Male,Yearly,2024-06-22,2025-10-10,8,1,1
CUST0352,Brian Rivera,59,Female,Monthly,2024-08-27,2025-09-17,8,4,1
CUST0353,Kathleen Martinez,57,Other,Yearly,2024-07-31,2024-09-22,40,1,1
CUST0354,Ryan Hammond,22,Male,Monthly,2024-05-25,2025-02-13,33,4,1
CUST0355,Kathy Humphrey,46,Other,Quarterly,2025-09-28,2025-10-29,49,9,1
CUST0356,Deborah Holder,44,Other,Quarterly,2025-03-14,2025-05-14,5,1,1
CUST0357,Vanessa Miles,32,Other,Quarterly,2025-11-21,2026-04-19,49,2,0
CUST0358,Michael Roth,23,Female,Quarterly,2025-10-30,2025-12-10,28,4,1
CUST0359,Donna Montoya DDS,24,Other,Yearly,2025-12-21,2026-04-14,44,9,0
CUST0360,Robert Thomas,51,Female,Yearly,2025-05-15,2025-08-01,29,9,1
CUST0361,Danielle Moreno,40,Female,Quarterly,2025-11-08,2026-01-16,26,2,1
CUST0362,Shelby Harris,55,Male,Yearly,2025-04-25,2025-05-21,15,3,1
CUST0363,William Williams,58,Male,Monthly,2025-04-25,2025-07-04,49,5,1
CUST0364,Brandon Rodriguez,31,Male,Yearly,2024-07-19,2026-02-01,2,10,1
CUST0365,Sarah Decker,33,Female,Quarterly,2024-12-30,2025-10-31,22,2,1
CUST0366,George Sparks,58,Other,Monthly,2024-07-27,2025-05-28,42,8,1
CUST0367,Jordan Johnson,43,Female,Quarterly,2024-05-18,2026-03-24,37,10,0
CUST0368,Kyle Howard,43,Female,Monthly,2024-05-14,2024-11-25,3,3,1
CUST0369,Michael Phillips,26,Female,Yearly,2024-11-25,2025-04-24,16,7,1
CUST0370,Tammy Hernandez,43,Other,Quarterly,2024-10-28,2025-05-19,4,2,1
CUST0371,Catherine Lee,35,Female,Quarterly,2025-01-29,2026-02-06,35,3,1
CUST0372,Michelle Dean,60,Male,Quarterly,2024-05-21,2025-01-09,5,9,1
CUST0373,Tyler Arellano,43,Male,Quarterly,2025-07-02,2025-09-04,45,6,1
CUST0374,Misty Gutierrez,27,Other,Monthly,2025-05-16,2025-10-12,0,2,1
CUST0375,Roger Harper,44,Male,Yearly,2025-11-16,2026-03-06,5,1,0
CUST0376,Eric Wagner,25,Other,Yearly,2025-10-28,2026-01-23,0,7,1
CUST0377,Kristen Carter,45,Other,Monthly,2024-07-10,2026-01-19,10,5,1
CUST0378,Paul Webster,59,Other,Yearly,2025-10-04,2026-03-22,31,8,0
CUST0379,Patricia Weeks,35,Female,Monthly,2025-04-06,2026-03-24,3,4,1
CUST0380,Jonathan Yates,25,Female,Quarterly,2025-07-03,2025-07-06,5,1,1
CUST0381,Diane Perez,45,Female,Monthly,2025-03-29,2025-12-19,2,3,1
CUST0382,Barry Edwards,33,Female,Quarterly,2026-02-04,2026-03-29,32,5,0
CUST0383,Carlos Brown,52,Other,Quarterly,2025-08-16,2025-09-19,26,8,1
CUST0384,Andrew Burke,43,Male,Quarterly,2025-09-01,2025-10-19,24,10,1
CUST0385,David Ellis,31,Female,Quarterly,2024-08-22,2024-10-30,3,7,1
CUST0386,Caroline Aguilar,49,Female,Monthly,2025-07-14,2026-02-26,35,8,0
CUST0387,William Schroeder,42,Other,Monthly,2025-12-22,2025-12-28,15,4,1
CUST0388,James Fry,27,Female,Yearly,2024-09-19,2026-02-24,24,8,0
CUST0389,Jasmine Ellis,27,Female,Monthly,2026-03-08,2026-03-29,24,7,0
CUST0390,Angela Nguyen,42,Male,Monthly,2024-11-04,2025-10-31,42,1,1
CUST0391,Daniel Cline,32,Other,Yearly,2024-11-07,2025-07-12,7,2,1
CUST0392,Martha Gutierrez,24,Other,Yearly,2026-01-27,2026-04-02,9,1,0
CUST0393,Jasmin Ramos,58,Male,Yearly,2025-09-24,2026-03-31,29,9,0
CUST0394,Shane Guerra,47,Female,Monthly,2025-09-11,2025-12-29,8,6,1
CUST0395,Jackson Waller,53,Female,Monthly,2025-01-19,2025-12-15,25,8,1
CUST0396,Dylan Phillips,32,Male,Yearly,2025-02-25,2025-09-11,4,6,1
CUST0397,Deborah Frazier,22,Female,Quarterly,2025-06-17,2026-01-03,32,7,1
CUST0398,Jackie Payne,46,Male,Quarterly,2025-12-31,2025-12-31,23,3,1
CUST0399,Christopher Owens,28,Female,Yearly,2026-02-11,2026-02-19,13,3,1
CUST0400,Tina Anderson MD,52,Female,Quarterly,2024-05-29,2025-08-07,30,2,1
CUST0401,Adrian Gonzalez,21,Male,Quarterly,2025-02-04,2026-04-21,45,10,0
CUST0402,Tiffany Phelps,43,Other,Yearly,2024-07-11,2024-10-07,26,4,1
CUST0403,Brandon Butler,49,Male,Quarterly,2025-01-14,2025-12-14,45,7,1
CUST0404,Danielle Cobb,49,Male,Quarterly,2025-02-03,2025-11-14,18,5,1
CUST0405,Barry Brown,56,Female,Monthly,2024-05-11,2025-03-30,28,5,1
CUST0406,Robert Brown,60,Female,Monthly,2024-06-11,2025-01-13,41,10,1
CUST0407,Mrs. Maria Robinson,29,Male,Quarterly,2026-01-27,2026-04-20,44,10,0
CUST0408,Patricia Grant,30,Female,Yearly,2025-09-23,2026-01-23,43,1,1
CUST0409,Jessica Stout,29,Female,Quarterly,2025-01-22,2025-07-31,7,6,1
CUST0410,Emily Maddox,22,Other,Monthly,2025-08-19,2025-10-28,6,7,1
CUST0411,Tracy Miller,33,Other,Quarterly,2025-02-07,2025-08-28,7,5,1
CUST0412,Jeffrey Johnson,52,Female,Monthly,2024-06-20,2025-02-12,15,6,1
CUST0413,Sandy Barnes,29,Female,Yearly,2024-07-17,2024-11-29,4,7,1
CUST0414,James Townsend,28,Male,Monthly,2025-10-20,2026-01-28,13,10,1
CUST0415,Guy Robinson,39,Male,Quarterly,2024-06-26,2025-09-01,16,10,1
CUST0416,James Garcia,51,Other,Monthly,2024-05-17,2025-10-24,32,6,1
CUST0417,Francisco Robinson,53,Other,Quarterly,2025-02-04,2025-02-08,0,8,1
CUST0418,Michael Hogan,26,Other,Monthly,2024-04-27,2024-08-06,28,7,1
CUST0419,Diane Newman,52,Male,Quarterly,2026-01-14,2026-03-17,8,4,0
CUST0420,Carly Cox,46,Male,Monthly,2025-06-12,2026-02-24,38,10,0
CUST0421,Anthony Avery,37,Female,Yearly,2024-12-05,2025-08-20,29,6,1
CUST0422,Vanessa Hall,52,Other,Quarterly,2025-12-24,2026-02-08,50,5,1
CUST0423,Nathan Ochoa,49,Other,Yearly,2025-06-07,2025-10-25,43,9,1
CUST0424,Henry Davis,44,Male,Quarterly,2024-12-04,2025-12-06,22,1,1
CUST0425,Lawrence Watson,46,Female,Quarterly,2024-11-12,2025-11-05,48,7,1
CUST0426,Courtney Padilla,55,Male,Monthly,2026-02-22,2026-03-28,33,9,0
CUST0427,Walter Harrison,51,Other,Yearly,2026-01-03,2026-02-28,27,9,0
CUST0428,Teresa Rodriguez,57,Other,Quarterly,2026-03-24,2026-03-31,5,5,0
CUST0429,Megan Young,36,Other,Monthly,2025-11-02,2025-12-19,26,6,1
CUST0430,Michael Faulkner,60,Male,Quarterly,2024-05-08,2025-06-28,10,10,1
CUST0431,Jordan Bell,34,Male,Yearly,2024-07-19,2024-08-01,49,3,1
CUST0432,Sheryl Beasley,24,Other,Yearly,2026-03-05,2026-04-05,34,6,0
CUST0433,Teresa Brady,36,Male,Quarterly,2024-09-16,2024-12-26,40,6,1
CUST0434,Rachel Potter,51,Other,Yearly,2024-10-23,2026-02-18,50,5,1
CUST0435,Nicole Savage,42,Female,Quarterly,2025-12-07,2026-01-17,14,6,1
CUST0436,Jonathan Willis,43,Male,Quarterly,2024-06-23,2025-07-01,13,1,1
CUST0437,Katelyn Bishop,60,Female,Monthly,2026-01-13,2026-03-16,31,2,0
CUST0438,Jake Sandoval,38,Other,Yearly,2025-09-17,2025-10-13,22,2,1
CUST0439,Julie Watkins,44,Male,Quarterly,2025-03-19,2026-01-04,21,3,1
CUST0440,Rachel Hill,36,Female,Yearly,2024-08-06,2025-09-27,30,9,1
CUST0441,Kristina Gamble,35,Male,Monthly,2024-06-03,2024-09-06,35,10,1
CUST0442,Paul Maxwell,48,Female,Monthly,2024-07-02,2024-07-22,46,10,1
CUST0443,Jennifer Thornton,59,Female,Quarterly,2024-06-28,2025-03-20,16,3,1
CUST0444,Jared Thomas,39,Other,Monthly,2025-12-20,2026-02-24,19,3,0
CUST0445,Nicole Marquez,60,Female,Quarterly,2024-09-20,2026-02-01,10,7,1
CUST0446,Robert Frank,39,Male,Yearly,2024-10-18,2025-05-24,14,4,1
CUST0447,Kimberly Scott,26,Other,Quarterly,2025-02-22,2025-09-15,47,1,1
CUST0448,Darryl Jackson,37,Other,Quarterly,2026-03-14,2026-04-10,36,8,0
CUST0449,Kristen Reyes,53,Female,Quarterly,2025-06-20,2025-08-01,41,5,1
CUST0450,Crystal Baxter,32,Male,Quarterly,2025-03-23,2025-06-05,42,4,1
CUST0451,Ernest Lang,35,Male,Monthly,2024-09-29,2025-07-05,23,10,1
CUST0452,Emily Williams,29,Other,Monthly,2025-11-25,2026-01-18,1,9,1
CUST0453,Barbara Gillespie,33,Female,Quarterly,2024-09-08,2024-10-27,5,7,1
CUST0454,Ashley Vargas,41,Male,Quarterly,2025-01-10,2025-03-02,27,1,1
CUST0455,Renee Riley,38,Female,Yearly,2024-06-29,2025-04-09,5,8,1
CUST0456,Dawn Rodriguez,30,Other,Monthly,2024-06-19,2025-08-25,4,2,1
CUST0457,Mr. Jason Berry Jr.,44,Female,Quarterly,2025-09-20,2026-01-14,30,3,1
CUST0458,Kim Brooks,38,Male,Yearly,2024-08-12,2025-07-17,6,1,1
CUST0459,Jennifer Johnson,45,Female,Monthly,2024-08-12,2026-03-27,14,9,0
CUST0460,Crystal Smith,49,Other,Monthly,2024-12-21,2026-03-29,34,3,0
CUST0461,Mark Norris,44,Female,Yearly,2025-07-26,2025-12-27,13,8,1
CUST0462,Sharon Rowe,56,Other,Monthly,2025-05-24,2025-08-17,23,9,1
CUST0463,Kathy Lewis,57,Female,Yearly,2024-10-29,2026-04-12,36,6,0
CUST0464,Caitlyn Mata,48,Other,Yearly,2025-10-29,2026-02-05,24,5,1
CUST0465,April Flores,47,Female,Yearly,2025-03-23,2025-08-19,19,2,1
CUST0466,Christopher Holland,23,Other,Quarterly,2025-04-06,2025-07-23,12,7,1
CUST0467,Brianna King,59,Other,Monthly,2026-01-21,2026-04-06,3,4,1
CUST0468,Mary Atkins,48,Male,Quarterly,2025-08-06,2026-03-30,42,2,0
CUST0469,Kimberly West,50,Other,Monthly,2025-10-26,2025-12-18,47,10,1
CUST0470,Jennifer Copeland,40,Other,Quarterly,2026-03-07,2026-03-15,24,5,0
CUST0471,Kristen Diaz,21,Other,Yearly,2026-03-15,2026-04-10,26,9,0
CUST0472,Brianna Woods,39,Other,Yearly,2024-12-15,2025-09-09,42,6,1
CUST0473,Olivia Lee,36,Female,Monthly,2025-01-25,2026-03-17,12,10,0
CUST0474,Christopher Shannon,52,Other,Yearly,2025-07-13,2026-01-03,29,1,1
CUST0475,Derek Patterson,21,Female,Monthly,2025-11-26,2026-02-27,23,5,0
CUST0476,Samantha Williams,59,Male,Monthly,2024-12-29,2025-12-08,17,1,1
CUST0477,Mark King,27,Other,Quarterly,2026-02-19,2026-04-03,14,5,0
CUST0478,David Marshall,57,Female,Monthly,2024-05-06,2025-10-02,38,3,1
CUST0479,Sara Poole,32,Female,Yearly,2024-08-06,2025-02-04,30,9,1
CUST0480,Robert Davis,52,Male,Quarterly,2025-05-06,2025-06-23,13,3,1
CUST0481,Brandon Scott,46,Male,Yearly,2025-08-08,2025-10-28,45,4,1
CUST0482,Janet Ross,51,Female,Quarterly,2026-02-11,2026-04-16,30,6,0
CUST0483,Jesse Yang,59,Other,Monthly,2026-01-28,2026-03-02,50,10,0
CUST0484,Justin Lynn,43,Other,Yearly,2026-01-04,2026-04-11,14,4,0
CUST0485,Shannon Bell,58,Female,Monthly,2024-08-23,2025-07-22,28,3,1
CUST0486,Christina Ortiz,28,Female,Quarterly,2024-11-02,2025-12-26,22,7,1
CUST0487,Justin Johnson,44,Female,Monthly,2024-06-26,2025-03-16,28,4,1
CUST0488,Cassandra Rodriguez,47,Female,Quarterly,2024-11-14,2026-02-14,14,3,1
CUST0489,Robert Harvey,59,Male,Quarterly,2024-07-12,2025-04-20,31,5,1
CUST0490,Kevin Miller,37,Male,Yearly,2025-12-19,2026-02-05,36,4,1
CUST0491,Ruth Rollins,28,Female,Monthly,2024-09-22,2026-01-23,44,4,1
CUST0492,Brad Jacobs,47,Female,Yearly,2025-09-06,2025-10-13,43,4,1
CUST0493,Timothy Sullivan,52,Male,Monthly,2025-12-19,2026-03-04,33,1,0
CUST0494,Brian Nelson,47,Other,Monthly,2026-01-27,2026-04-21,41,6,0
CUST0495,Robert Murphy,41,Male,Quarterly,2025-11-22,2025-12-02,2,4,1
CUST0496,Laurie Martinez,45,Female,Monthly,2025-05-18,2025-12-31,45,5,1
CUST0497,Eric Li,51,Female,Yearly,2025-03-30,2025-09-27,8,6,1
CUST0498,Mrs. Karen Bennett MD,31,Other,Monthly,2025-10-02,2025-10-04,42,10,1
CUST0499,Brianna Yang,27,Male,Yearly,2024-12-24,2025-07-08,0,9,1
CUST0500,Amanda Lewis,19,Male,Yearly,2024-10-23,2025-10-07,6,7,1
CUST0501,Rachel Wagner,21,Other,Quarterly,2024-07-11,2025-08-20,27,8,1
CUST0502,Mrs. Suzanne Medina,48,Male,Yearly,2026-01-02,2026-01-27,22,3,1
CUST0503,Javier Graham,46,Other,Yearly,2024-07-29,2025-03-31,29,6,1
CUST0504,Candice Pearson,36,Female,Monthly,2025-10-16,2025-11-26,34,10,1
CUST0505,Alexis Salas,50,Female,Quarterly,2025-08-10,2025-09-07,49,8,1
CUST0506,Daniel Jordan,49,Male,Monthly,2024-06-07,2024-12-28,24,2,1
CUST0507,William Smith,37,Female,Quarterly,2025-03-14,2025-08-28,38,9,1
CUST0508,Emily Evans,18,Other,Yearly,2024-09-25,2026-01-04,15,2,1
CUST0509,Felicia Snyder,32,Other,Yearly,2024-09-11,2025-02-12,37,7,1
CUST0510,John Baker,49,Male,Monthly,2025-09-13,2026-03-04,26,5,0
CUST0511,Andrew Stewart,50,Female,Monthly,2025-10-11,2025-10-18,48,10,1
CUST0512,Dustin Smith,47,Male,Quarterly,2024-09-05,2025-06-08,10,3,1
CUST0513,Mitchell Guerra,21,Other,Monthly,2025-06-12,2026-03-02,27,2,0
CUST0514,Diane Young,28,Male,Monthly,2024-10-27,2026-03-18,35,8,0
CUST0515,Sandy Young,44,Male,Monthly,2025-04-30,2025-05-21,31,10,1
CUST0516,Tammy Fox,20,Male,Monthly,2025-12-24,2026-02-25,38,5,0
CUST0517,Laura Perkins,39,Male,Quarterly,2025-11-01,2025-12-22,10,7,1
CUST0518,Jill Walter,43,Male,Yearly,2024-12-19,2025-08-07,44,5,1
CUST0519,Anthony Ellis,21,Male,Monthly,2025-04-03,2026-02-23,46,10,1
CUST0520,Kari Grant,26,Other,Quarterly,2025-03-28,2025-10-27,0,8,1
CUST0521,Sonya Krause,29,Other,Yearly,2024-11-22,2025-05-22,48,8,1
CUST0522,Monique Young,32,Male,Yearly,2025-03-16,2025-06-30,43,10,1
CUST0523,Barry Cortez,59,Other,Yearly,2025-08-31,2026-03-21,44,2,0
CUST0524,Heather Lopez,20,Male,Monthly,2026-02-09,2026-02-28,7,1,0
CUST0525,Christopher Butler,53,Other,Quarterly,2025-09-09,2026-03-03,3,3,1
CUST0526,Edwin Watkins,27,Male,Yearly,2025-11-28,2025-11-29,30,10,1
CUST0527,Gary Clarke,44,Female,Quarterly,2025-09-26,2026-02-17,41,3,1
CUST0528,Annette Scott,27,Other,Monthly,2025-11-02,2026-02-23,35,4,1
CUST0529,Renee Holmes,51,Other,Monthly,2024-08-30,2024-10-08,27,2,1
CUST0530,Lindsey Hernandez,23,Female,Monthly,2025-08-02,2025-12-01,24,10,1
CUST0531,Brittney Clark,45,Male,Quarterly,2025-12-26,2026-01-13,44,3,1
CUST0532,Susan Gonzalez,51,Female,Quarterly,2025-04-23,2025-11-25,45,10,1
CUST0533,Mark Hopkins,38,Male,Monthly,2025-11-02,2025-12-17,2,5,1
CUST0534,Sara Avila,50,Other,Quarterly,2025-10-31,2025-11-08,21,2,1
CUST0535,Craig Clark,28,Other,Yearly,2025-08-08,2026-03-08,22,6,0
CUST0536,Deborah Hardy,60,Male,Quarterly,2024-06-25,2024-09-28,35,2,1
CUST0537,Jennifer Zimmerman,25,Male,Yearly,2024-10-23,2025-05-08,1,1,1
CUST0538,Marissa Cordova,48,Female,Yearly,2024-06-02,2025-12-25,42,10,1
CUST0539,Kristie King,30,Female,Monthly,2025-01-21,2025-06-28,35,2,1
CUST0540,Benjamin Steele,41,Female,Quarterly,2024-07-22,2025-11-19,40,5,1
CUST0541,Monica Taylor,45,Female,Monthly,2024-10-17,2025-01-03,22,8,1
CUST0542,Anthony Gomez,29,Other,Quarterly,2025-08-30,2025-10-11,35,9,1
CUST0543,Monique Smith,33,Female,Quarterly,2025-08-30,2026-01-14,14,3,1
CUST0544,Elizabeth Mckenzie,23,Other,Monthly,2024-11-13,2025-04-04,22,6,1
CUST0545,Ashley Crosby,56,Female,Yearly,2024-09-20,2025-03-20,44,3,1
CUST0546,Terri Gallegos,56,Female,Quarterly,2025-05-28,2025-11-10,17,3,1
CUST0547,John Randolph,55,Other,Quarterly,2024-09-29,2025-11-09,32,7,1
CUST0548,Wesley Clark,24,Other,Monthly,2025-12-16,2026-04-16,48,5,0
CUST0549,Amber Carter,59,Other,Yearly,2024-08-08,2025-04-25,16,8,1
CUST0550,Kenneth Simpson,59,Female,Quarterly,2024-05-06,2025-06-19,24,7,1
CUST0551,Linda Morales,39,Male,Monthly,2024-09-30,2025-10-23,6,3,1
CUST0552,Deanna Adkins,24,Female,Yearly,2025-07-28,2026-01-20,5,3,1
CUST0553,Christina Rogers,37,Male,Yearly,2024-10-03,2025-03-07,4,8,1
CUST0554,Andrew Calhoun,42,Other,Quarterly,2025-11-14,2026-04-13,10,5,0
CUST0555,Stephen Perez,48,Male,Monthly,2025-03-05,2025-04-11,12,5,1
CUST0556,Timothy Wells,35,Female,Quarterly,2026-01-19,2026-01-25,14,6,1
CUST0557,Brenda Wright,48,Female,Yearly,2025-02-02,2025-12-29,18,7,1
CUST0558,Matthew Hawkins,26,Male,Quarterly,2025-09-25,2025-12-05,40,2,1
CUST0559,Omar Hanson,34,Male,Quarterly,2024-04-25,2024-12-10,26,9,1
CUST0560,Lauren Stone,33,Male,Quarterly,2024-08-27,2024-08-30,27,10,1
CUST0561,Sharon Robertson,36,Female,Quarterly,2026-01-03,2026-01-18,30,3,1
CUST0562,William Figueroa,24,Female,Yearly,2025-04-21,2025-12-12,10,5,1
CUST0563,Jane Thomas,60,Female,Yearly,2025-05-02,2025-11-24,32,6,1
CUST0564,Jose Cunningham,26,Male,Yearly,2024-08-29,2025-05-09,11,9,1
CUST0565,David Odonnell,26,Female,Monthly,2024-07-31,2025-07-18,36,6,1
CUST0566,Bradley Holmes,55,Female,Yearly,2024-12-16,2025-10-23,38,7,1
CUST0567,Christopher Austin,21,Other,Yearly,2024-08-21,2025-01-17,7,2,1
CUST0568,Johnny Hall,21,Male,Quarterly,2025-10-02,2025-10-03,31,5,1
CUST0569,Cody Martinez,33,Female,Quarterly,2025-08-28,2026-04-13,37,1,0
CUST0570,Michael Petersen,55,Male,Quarterly,2024-12-07,2025-04-28,31,10,1
CUST0571,Timothy Rodriguez,53,Female,Monthly,2024-05-01,2026-04-12,31,7,0
CUST0572,Martin Ryan,57,Female,Quarterly,2025-08-05,2026-01-04,15,4,1
CUST0573,Amanda Nichols,34,Other,Quarterly,2025-11-28,2026-04-22,26,1,0
CUST0574,Michael Mcgrath,54,Male,Monthly,2024-05-16,2025-09-07,42,2,1
CUST0575,Pamela White,57,Male,Quarterly,2025-08-06,2025-08-18,32,3,1
CUST0576,Mark Chambers,47,Female,Monthly,2025-10-28,2025-12-10,46,4,1
CUST0577,Cristian Randolph,46,Other,Quarterly,2025-11-03,2026-04-20,11,3,0
CUST0578,Mrs. Amber Garcia,42,Male,Yearly,2024-12-13,2025-05-28,19,9,1
CUST0579,Melissa Sparks,23,Other,Yearly,2024-09-08,2025-01-05,32,9,1
CUST0580,Duane Scott,20,Other,Quarterly,2024-08-18,2025-09-02,20,7,1
CUST0581,Stephanie French,28,Female,Monthly,2025-08-14,2026-01-04,46,6,1
CUST0582,James Miller,52,Male,Quarterly,2024-06-24,2025-10-29,12,6,1
CUST0583,Jamie Gonzalez,25,Male,Monthly,2026-01-17,2026-01-29,7,1,1
CUST0584,Felicia Miller,59,Male,Monthly,2024-10-28,2026-02-04,16,8,1
CUST0585,Ronald Kim,25,Other,Monthly,2024-11-09,2025-12-27,25,3,1
CUST0586,Martin Burns,39,Other,Yearly,2025-11-30,2025-12-25,41,3,1
CUST0587,Teresa Rodriguez,30,Male,Monthly,2025-10-26,2025-11-13,48,1,1
CUST0588,Angel Smith,34,Female,Monthly,2024-08-31,2025-10-23,30,1,1
CUST0589,Trevor Hill,60,Male,Yearly,2026-02-04,2026-02-25,25,8,0
CUST0590,Adrian Welch,47,Female,Quarterly,2026-02-01,2026-03-19,17,6,0
CUST0591,Andrea Smith,50,Female,Quarterly,2024-06-27,2024-09-04,25,5,1
CUST0592,Robert Walters,18,Male,Monthly,2025-04-19,2025-09-28,20,2,1
CUST0593,Melissa Good,56,Female,Monthly,2026-02-22,2026-04-06,47,2,0
CUST0594,Melody Nguyen,48,Female,Quarterly,2025-07-23,2025-08-10,4,7,1
CUST0595,Haley Bryant,23,Male,Yearly,2025-12-27,2026-03-19,43,1,0
CUST0596,Sarah Williams,18,Female,Quarterly,2024-05-06,2025-02-13,35,2,1
CUST0597,David Serrano,21,Other,Yearly,2024-06-29,2026-04-11,0,7,0
CUST0598,Cynthia Knapp,47,Other,Quarterly,2024-09-26,2025-05-20,22,10,1
CUST0599,Zachary Brown,18,Male,Yearly,2025-11-17,2026-03-12,14,1,0
CUST0600,Terry Green,39,Male,Yearly,2025-04-16,2025-09-23,47,9,1
CUST0601,Peter Hill,41,Other,Quarterly,2025-11-01,2025-11-05,22,1,1
CUST0602,Brittney James,24,Other,Yearly,2025-04-23,2025-12-16,9,6,1
CUST0603,Reginald Roy,37,Female,Yearly,2025-11-16,2025-12-28,48,1,1
CUST0604,Cody Allen,35,Male,Quarterly,2024-08-25,2026-03-07,2,6,0
CUST0605,Christopher Key,29,Female,Quarterly,2024-10-09,2025-01-30,9,6,1
CUST0606,Victoria Huffman,46,Male,Monthly,2025-07-10,2025-10-05,27,4,1
CUST0607,Angelica Fitzpatrick,37,Male,Yearly,2024-05-10,2025-12-04,45,8,1
CUST0608,Gloria Jimenez,29,Male,Yearly,2026-02-25,2026-04-07,32,5,0
CUST0609,Carla Gomez,52,Other,Monthly,2026-03-16,2026-04-10,44,1,0
CUST0610,Gina Boyer,33,Male,Quarterly,2024-10-30,2025-03-08,39,3,1
CUST0611,John Patton,21,Female,Yearly,2025-11-21,2026-02-22,1,3,1
CUST0612,Oscar Davila,57,Other,Quarterly,2024-12-22,2025-12-22,10,8,1
CUST0613,Kristy Walsh,23,Other,Quarterly,2025-12-10,2025-12-27,32,2,1
CUST0614,Troy Brown,39,Female,Yearly,2024-08-09,2025-03-09,40,6,1
CUST0615,Ms. Jessica Rodriguez,57,Female,Yearly,2025-01-07,2025-01-21,1,2,1
CUST0616,Megan Conley,58,Other,Quarterly,2025-07-30,2025-11-07,33,9,1
CUST0617,Gary Taylor,27,Other,Quarterly,2026-02-09,2026-04-23,10,5,0
CUST0618,Scott Smith,42,Other,Quarterly,2026-03-18,2026-04-14,1,8,0
CUST0619,Mark Booker,39,Male,Quarterly,2024-12-30,2025-03-18,35,7,1
CUST0620,William Johnson,53,Other,Monthly,2025-03-26,2025-11-03,18,3,1
CUST0621,Ryan Raymond,20,Male,Monthly,2024-12-24,2025-03-20,43,10,1
CUST0622,Jacqueline Turner,50,Female,Monthly,2025-11-12,2025-11-27,28,5,1
CUST0623,Joseph Robbins,27,Female,Yearly,2024-05-28,2025-08-05,49,8,1
CUST0624,Angel Aguirre,46,Male,Quarterly,2025-02-16,2026-04-12,0,4,1
CUST0625,Clayton Keller,55,Other,Monthly,2025-03-22,2025-07-10,17,10,1
CUST0626,Michelle Goodwin,25,Other,Yearly,2024-06-24,2026-03-25,49,4,0
CUST0627,Jason Torres,38,Male,Yearly,2025-06-10,2026-04-05,22,4,0
CUST0628,Marco Sullivan,19,Male,Quarterly,2024-07-02,2024-07-04,19,2,1
CUST0629,Joe Cardenas,33,Female,Yearly,2025-09-02,2026-04-21,28,3,0
CUST0630,Elizabeth Chambers,32,Male,Yearly,2026-03-08,2026-03-12,14,7,0
CUST0631,Richard Nguyen,28,Female,Monthly,2024-08-24,2025-05-29,13,9,1
CUST0632,Lisa Walker,33,Female,Monthly,2026-02-20,2026-04-20,16,10,0
CUST0633,Robert Shaw,60,Female,Monthly,2024-06-15,2025-02-19,47,4,1
CUST0634,Mr. Paul Johnson,51,Female,Yearly,2025-12-07,2026-01-27,31,3,1
CUST0635,Alan Hernandez,52,Female,Yearly,2025-10-01,2026-01-16,43,2,1
CUST0636,Shaun Oneal,47,Other,Monthly,2024-10-27,2025-03-16,25,8,1
CUST0637,Kayla Aguirre,43,Male,Yearly,2025-06-11,2026-01-31,40,1,1
CUST0638,Aaron Andrews,55,Male,Yearly,2026-01-29,2026-01-29,42,8,1
CUST0639,Tina Roy,20,Other,Quarterly,2024-09-12,2025-08-03,33,9,1
CUST0640,Michelle Howard,58,Female,Monthly,2026-01-29,2026-02-21,30,9,1
CUST0641,Carolyn Anderson,43,Male,Monthly,2024-06-11,2025-11-22,42,1,1
CUST0642,Donna Harris,44,Male,Quarterly,2024-07-21,2026-03-10,27,4,0
CUST0643,Claudia Daniel,46,Male,Quarterly,2026-02-15,2026-03-18,24,1,0
CUST0644,Gregory White,25,Male,Monthly,2025-12-29,2026-03-31,27,5,0
CUST0645,Samantha Green,38,Male,Yearly,2024-08-19,2026-02-10,18,6,1
CUST0646,Peter Jones,37,Female,Yearly,2024-10-01,2024-12-24,48,2,1
CUST0647,Carolyn Lara,50,Male,Quarterly,2024-05-02,2025-02-26,14,5,1
CUST0648,Cynthia Rosales DVM,19,Male,Monthly,2025-01-31,2025-02-14,22,4,1
CUST0649,John Lane,25,Male,Quarterly,2026-01-15,2026-02-20,28,1,1
CUST0650,Edward Hoffman,22,Female,Yearly,2024-05-14,2025-01-26,44,6,1
CUST0651,Dan Parker,58,Other,Quarterly,2024-11-17,2025-02-23,18,6,1
CUST0652,George Cisneros,31,Female,Quarterly,2025-05-04,2026-02-23,26,4,1
CUST0653,Susan Cross,54,Other,Yearly,2025-02-04,2025-03-24,32,8,1
CUST0654,Kelly Carlson,36,Other,Quarterly,2024-08-08,2025-12-29,12,6,1
CUST0655,Alyssa Fields MD,24,Female,Monthly,2024-05-23,2025-01-07,22,7,1
CUST0656,Paul Blackburn,52,Female,Quarterly,2024-07-29,2024-12-02,5,10,1
CUST0657,Erika Avery,55,Other,Yearly,2024-11-05,2026-02-06,31,10,1
CUST0658,William Mendoza,40,Male,Monthly,2024-12-14,2026-01-09,0,1,1
CUST0659,Terri Olson,57,Female,Yearly,2025-01-19,2025-07-07,38,9,1
CUST0660,Michelle Strong,30,Female,Monthly,2025-06-01,2026-04-15,43,1,0
CUST0661,Barbara Poole,33,Other,Yearly,2024-11-21,2026-01-02,11,1,1
CUST0662,Rebecca Hanson,51,Female,Quarterly,2025-11-01,2026-01-23,26,8,1
CUST0663,Bonnie Davis,40,Male,Quarterly,2025-09-30,2026-02-26,22,1,0
CUST0664,Noah Santiago,29,Male,Monthly,2025-12-27,2026-03-05,22,2,0
CUST0665,Brenda Davila,44,Female,Quarterly,2025-02-05,2025-04-22,22,2,1
CUST0666,Melinda Casey,48,Male,Monthly,2025-10-12,2026-01-16,36,9,1
CUST0667,Samuel Thompson,54,Male,Monthly,2025-04-22,2025-08-30,38,2,1
CUST0668,Stephanie Phillips,40,Male,Yearly,2025-11-26,2026-01-10,48,4,1
CUST0669,Kristopher Rodriguez,40,Female,Monthly,2025-12-19,2026-03-15,12,7,0
CUST0670,Meghan Barber,31,Male,Yearly,2025-10-21,2026-01-22,42,4,1
CUST0671,Kathy Vance,20,Female,Quarterly,2025-10-13,2026-03-29,10,3,0
CUST0672,Sarah Alexander,38,Other,Quarterly,2025-01-14,2026-03-28,16,7,0
CUST0673,James Mckee,44,Male,Monthly,2026-01-24,2026-04-16,30,6,0
CUST0674,Daniel Rodriguez,20,Male,Yearly,2026-01-28,2026-03-22,18,2,0
CUST0675,Maria Estrada DDS,40,Male,Monthly,2025-01-01,2026-04-22,13,9,0
CUST0676,Amy Bowman,40,Female,Yearly,2025-12-05,2025-12-11,37,3,1
CUST0677,Christina Floyd,60,Male,Quarterly,2026-02-07,2026-03-17,2,2,1
CUST0678,Michael Long,60,Male,Monthly,2025-12-11,2026-03-31,30,10,0
CUST0679,Stephen Turner,31,Male,Quarterly,2025-08-10,2025-10-20,18,2,1
CUST0680,James Alexander,30,Female,Yearly,2025-01-27,2025-08-12,24,5,1
CUST0681,Nicholas Morgan,43,Other,Yearly,2025-06-16,2026-04-06,39,4,0
CUST0682,Ruth Rocha,31,Male,Monthly,2025-06-26,2026-01-10,38,8,1
CUST0683,Dr. Robert Cruz,55,Male,Monthly,2024-11-30,2025-05-30,22,10,1
CUST0684,Mary Johnson,39,Other,Monthly,2026-03-02,2026-04-11,11,4,0
CUST0685,John Thompson,54,Male,Monthly,2025-11-05,2026-03-29,35,10,0
CUST0686,Jamie Monroe,59,Male,Monthly,2025-06-14,2025-08-17,19,2,1
CUST0687,Debra King,41,Male,Quarterly,2025-08-24,2025-08-30,2,5,1
CUST0688,David Richards,42,Female,Yearly,2024-05-15,2025-06-24,42,3,1
CUST0689,Barbara Sanchez,48,Male,Monthly,2024-08-31,2024-09-27,46,10,1
CUST0690,Kristin Jones,39,Female,Quarterly,2024-06-12,2025-10-04,10,3,1
CUST0691,Donna Crawford,34,Female,Yearly,2024-11-21,2026-01-28,39,3,1
CUST0692,Jennifer Glover,28,Female,Yearly,2025-11-25,2025-12-29,20,2,1
CUST0693,Cynthia Dixon,46,Male,Monthly,2024-10-19,2026-01-03,20,7,1
CUST0694,Vincent Marshall,20,Male,Yearly,2024-12-03,2025-11-29,45,6,1
CUST0695,Theresa Mendez,28,Other,Quarterly,2024-08-08,2025-01-30,39,6,1
CUST0696,Joshua Wilson,48,Female,Yearly,2025-07-01,2025-07-08,43,1,1
CUST0697,Zachary Gould,19,Other,Yearly,2024-12-18,2025-12-24,29,3,1
CUST0698,Terry Johnson,50,Other,Yearly,2024-07-23,2025-07-15,6,4,1
CUST0699,Stephanie Lynch,52,Male,Monthly,2024-11-08,2025-07-30,26,1,1
CUST0700,Cristina Hobbs,46,Female,Yearly,2024-04-24,2025-06-04,22,2,1
CUST0701,Jake Hoffman,44,Male,Monthly,2025-08-12,2026-02-01,46,6,1
CUST0702,Andrew Stevens,33,Female,Monthly,2025-06-12,2026-01-29,42,8,1
CUST0703,Aaron Mccarthy,54,Male,Monthly,2025-05-07,2025-10-16,49,4,1
CUST0704,Bryan Smith,46,Other,Monthly,2025-06-08,2025-07-01,36,4,1
CUST0705,Christopher Quinn,18,Female,Monthly,2025-03-08,2025-07-14,27,2,1
CUST0706,Mary Aguilar,30,Other,Quarterly,2025-10-31,2025-11-06,17,3,1
CUST0707,Willie Hansen,46,Other,Quarterly,2024-12-04,2025-02-03,26,7,1
CUST0708,Jenny Christensen,60,Other,Yearly,2024-08-18,2025-12-29,7,10,1
CUST0709,Sarah Davis,51,Male,Yearly,2025-05-20,2026-02-07,24,2,1
CUST0710,David Barrett,22,Female,Monthly,2024-08-14,2024-08-23,20,8,1
CUST0711,Bonnie Avery,23,Other,Yearly,2025-06-03,2025-08-19,47,5,1
CUST0712,Caroline Ramirez,51,Other,Quarterly,2024-09-20,2025-07-14,21,7,1
CUST0713,David Harris,45,Male,Yearly,2025-04-13,2026-04-18,37,6,0
CUST0714,Ariana Pennington,40,Male,Yearly,2025-10-30,2025-11-25,5,9,1
CUST0715,Keith Bell,40,Male,Quarterly,2024-10-05,2025-07-04,48,3,1
CUST0716,Kylie Guerrero,53,Female,Monthly,2024-05-25,2025-07-31,36,4,1
CUST0717,Matthew Mccann,44,Female,Yearly,2025-06-03,2026-02-07,25,7,1
CUST0718,Stephanie Perry,54,Male,Quarterly,2025-03-26,2025-08-18,17,2,1
CUST0719,Carolyn Griffith,31,Male,Monthly,2024-11-07,2025-04-04,6,3,1
CUST0720,Shelby Woodard,37,Male,Monthly,2024-10-21,2025-05-27,24,2,1
CUST0721,Veronica Bell,46,Female,Quarterly,2026-03-19,2026-04-07,26,10,0
CUST0722,Robert Washington,41,Female,Yearly,2025-09-14,2026-03-05,43,6,0
CUST0723,Kristin West,60,Other,Monthly,2025-06-06,2025-11-09,4,7,1
CUST0724,Nicole Roberts,24,Other,Quarterly,2025-07-31,2026-01-22,43,7,1
CUST0725,Oscar Ward,24,Female,Monthly,2024-07-19,2025-12-18,49,9,1
CUST0726,Anthony Grimes,48,Other,Quarterly,2025-03-12,2025-10-24,17,10,1
CUST0727,Cynthia Shields,36,Female,Monthly,2025-12-09,2026-04-23,44,1,0
CUST0728,Martha Neal,43,Other,Yearly,2025-05-19,2025-11-26,9,1,1
CUST0729,Michelle Evans,58,Other,Yearly,2025-03-25,2025-05-31,38,5,1
CUST0730,Jason Sloan,37,Other,Monthly,2024-08-31,2025-02-11,43,2,1
CUST0731,Renee Mcdowell,59,Other,Yearly,2024-11-22,2026-03-20,37,6,0
CUST0732,Alicia Gomez,19,Male,Monthly,2025-12-17,2026-03-29,0,5,0
CUST0733,Katie Henderson,22,Male,Quarterly,2024-11-20,2026-04-23,47,10,0
CUST0734,Sara Mcknight,25,Male,Quarterly,2025-02-05,2025-05-30,36,7,1
CUST0735,Kevin Gutierrez,46,Other,Quarterly,2024-09-21,2025-03-30,2,7,1
CUST0736,Veronica Richardson,54,Other,Monthly,2024-09-06,2025-08-29,47,10,1
CUST0737,Amanda Simpson,39,Other,Monthly,2024-07-06,2025-08-09,48,7,1
CUST0738,Victoria Adams,28,Male,Quarterly,2025-01-15,2025-03-05,8,6,1
CUST0739,Peggy Rios,33,Male,Quarterly,2025-02-06,2025-10-03,0,1,1
CUST0740,Sarah Odonnell,40,Other,Yearly,2025-09-30,2025-10-06,30,2,1
CUST0741,Justin Jones,41,Other,Monthly,2026-01-01,2026-03-19,36,2,0
CUST0742,Joshua Forbes,18,Female,Monthly,2024-07-16,2025-12-03,42,1,1
CUST0743,Jacqueline Chavez,54,Male,Monthly,2024-11-28,2025-09-23,28,2,1
CUST0744,Brianna Carlson,19,Other,Monthly,2026-02-01,2026-03-21,23,10,0
CUST0745,Sean Lewis,33,Male,Yearly,2024-06-11,2026-02-03,39,6,1
CUST0746,Melissa Adams,40,Other,Yearly,2025-10-02,2025-12-09,17,9,1
CUST0747,Sara Hernandez,37,Male,Monthly,2025-03-16,2025-04-17,28,5,1
CUST0748,Daniel James,29,Female,Yearly,2024-08-08,2025-05-30,30,8,1
CUST0749,Jerome Dillon,25,Male,Yearly,2025-05-28,2025-10-23,33,6,1
CUST0750,Joshua Herrera,37,Male,Monthly,2025-02-14,2025-03-09,26,3,1
CUST0751,Benjamin Dunn,32,Other,Monthly,2025-09-15,2026-03-02,39,10,0
CUST0752,Shane Cummings,52,Male,Yearly,2024-12-04,2026-01-30,29,8,1
CUST0753,Anna Marquez,38,Male,Quarterly,2025-08-17,2025-08-25,27,4,1
CUST0754,Brenda Kim,54,Female,Yearly,2025-09-12,2025-09-23,19,7,1
CUST0755,Jennifer Mendoza,53,Male,Monthly,2024-08-29,2025-08-23,15,7,1
CUST0756,Julie Nguyen,51,Male,Yearly,2025-09-21,2025-12-12,13,7,1
CUST0757,Ronald Patterson,19,Male,Quarterly,2025-02-21,2025-09-01,44,4,1
CUST0758,Eric Cooper,40,Female,Quarterly,2024-06-03,2024-07-22,32,1,1
CUST0759,Victor Mack,59,Female,Yearly,2024-12-20,2025-09-07,20,9,1
CUST0760,Olivia Dominguez,31,Male,Yearly,2024-06-20,2025-01-31,46,5,1
CUST0761,Eduardo Wheeler,25,Male,Quarterly,2024-10-24,2025-12-07,20,1,1
CUST0762,Cody Diaz,18,Other,Yearly,2024-12-20,2025-11-03,40,3,1
CUST0763,Stephen Decker,56,Female,Yearly,2025-10-09,2026-03-14,36,5,0
CUST0764,Emily Camacho,25,Other,Quarterly,2025-02-12,2025-06-25,40,9,1
CUST0765,Lisa Randall,23,Female,Monthly,2025-05-30,2026-03-30,2,7,0
CUST0766,Crystal Collins,36,Male,Monthly,2025-10-10,2026-01-21,26,1,1
CUST0767,Christopher Nguyen,23,Other,Monthly,2024-09-12,2026-02-05,14,9,1
CUST0768,Jeffrey Ruiz,40,Other,Yearly,2026-01-11,2026-01-20,18,1,1
CUST0769,Jonathan Cannon,21,Other,Quarterly,2024-12-02,2025-08-12,15,9,1
CUST0770,Stephen Mccarthy,54,Male,Monthly,2025-10-10,2025-11-10,22,9,1
CUST0771,Brandy Howard,48,Male,Monthly,2025-01-18,2026-03-17,31,3,0
CUST0772,Deanna Mann,37,Male,Monthly,2025-01-11,2025-08-07,47,4,1
CUST0773,Thomas Leonard,54,Male,Quarterly,2024-07-18,2025-10-19,46,3,1
CUST0774,Thomas Bishop,43,Female,Monthly,2026-01-24,2026-01-28,2,7,1
CUST0775,Kristin Fowler,31,Other,Quarterly,2025-08-28,2025-10-08,5,1,1
CUST0776,Roger Thompson,36,Female,Monthly,2025-03-18,2025-07-01,49,5,1
CUST0777,David Kennedy,33,Male,Monthly,2025-12-26,2026-03-31,31,10,0
CUST0778,Keith Jackson,26,Male,Monthly,2024-09-13,2025-01-24,16,10,1
CUST0779,Keith Cisneros,24,Male,Yearly,2024-05-18,2025-08-17,36,10,1
CUST0780,James Blackwell,23,Other,Yearly,2025-07-03,2026-01-12,5,7,1
CUST0781,Michael Santiago,48,Other,Yearly,2026-02-26,2026-04-05,50,3,0
CUST0782,Timothy Buchanan,32,Other,Yearly,2025-03-13,2025-12-10,18,10,1
CUST0783,Valerie Colon,38,Other,Quarterly,2025-07-16,2026-03-02,29,7,0
CUST0784,Christopher Weiss,36,Male,Monthly,2024-05-18,2025-09-09,20,10,1
CUST0785,Adam Johnson,57,Male,Quarterly,2024-07-07,2025-05-17,17,5,1
CUST0786,Erin Hernandez,37,Female,Yearly,2024-06-16,2025-06-14,32,5,1
CUST0787,Brandon Pena,32,Female,Yearly,2025-07-24,2025-08-06,20,5,1
CUST0788,Andrew Robertson,22,Male,Quarterly,2026-03-16,2026-03-16,31,5,0
CUST0789,Victoria Harris,35,Male,Yearly,2024-11-15,2025-09-21,37,8,1
CUST0790,Sarah Best,24,Male,Yearly,2024-07-17,2025-02-17,29,8,1
CUST0791,Dorothy Webb,47,Other,Monthly,2024-11-08,2025-05-03,37,5,1
CUST0792,Lori Martin,36,Male,Monthly,2024-07-24,2025-10-09,11,4,1
CUST0793,Bianca Smith,35,Other,Yearly,2024-11-23,2024-12-16,13,2,1
CUST0794,Christopher Freeman,19,Female,Quarterly,2025-05-05,2026-03-10,24,2,0
CUST0795,Stacy Ryan,46,Male,Monthly,2024-07-28,2024-11-18,14,5,1
CUST0796,Joan Zhang,55,Female,Quarterly,2026-01-21,2026-03-18,18,7,0
CUST0797,Russell Newman,46,Other,Quarterly,2024-12-29,2025-12-03,32,8,1
CUST0798,Kelly Kennedy,24,Female,Quarterly,2024-10-18,2025-07-17,14,3,1
CUST0799,Luke Brown,19,Female,Monthly,2026-01-26,2026-02-13,3,4,1
CUST0800,Lisa Harris,28,Female,Monthly,2026-03-02,2026-03-07,23,6,0
CUST0801,Jennifer Mckenzie,56,Male,Monthly,2026-03-14,2026-04-23,30,4,0
CUST0802,Kara Frost,60,Other,Yearly,2025-06-20,2025-08-20,4,3,1
CUST0803,Brooke Ramirez,19,Other,Yearly,2024-06-21,2026-03-21,20,10,0
CUST0804,Michael Goodman,20,Female,Monthly,2026-01-11,2026-01-22,15,6,1
CUST0805,Patrick Richardson,60,Female,Yearly,2024-10-08,2026-04-14,30,7,0
CUST0806,William Owens,31,Male,Quarterly,2024-11-25,2025-11-29,37,3,1
CUST0807,Joseph Boone,33,Male,Monthly,2024-10-06,2025-12-16,13,7,1
CUST0808,Joshua Carr,36,Other,Yearly,2025-02-09,2025-12-16,13,7,1
CUST0809,Kara Barry,44,Male,Monthly,2025-05-01,2025-05-11,18,7,1
CUST0810,Sabrina Nelson,24,Other,Quarterly,2024-09-06,2025-01-21,10,4,1
CUST0811,Tony Callahan,45,Other,Yearly,2025-02-27,2025-06-04,48,9,1
CUST0812,Eileen Sanchez,39,Female,Monthly,2024-06-06,2024-12-23,26,6,1
CUST0813,Willie Johnson,55,Male,Yearly,2025-11-21,2026-01-01,12,6,1
CUST0814,Stephen Lucas,22,Other,Yearly,2024-11-10,2025-07-14,32,5,1
CUST0815,Nicole Vargas,52,Female,Monthly,2024-11-01,2025-06-04,6,5,1
CUST0816,Christine Garcia,44,Male,Monthly,2024-07-04,2025-06-24,37,5,1
CUST0817,Matthew Crawford,59,Other,Yearly,2025-03-08,2026-02-22,17,7,1
CUST0818,Deborah Watson,23,Male,Quarterly,2025-02-04,2025-12-08,25,7,1
CUST0819,Alexander Ray,37,Male,Yearly,2025-09-08,2025-11-09,30,1,1
CUST0820,Sharon Bryant,31,Male,Monthly,2025-11-14,2025-11-22,38,3,1
CUST0821,Jay Torres,49,Female,Monthly,2024-07-03,2025-05-04,28,10,1
CUST0822,Dawn Welch,27,Female,Quarterly,2025-02-10,2025-12-04,5,4,1
CUST0823,Betty Garcia,20,Female,Yearly,2024-09-05,2025-03-14,45,10,1
CUST0824,Jonathan Walker,50,Male,Yearly,2025-01-28,2025-04-26,50,7,1
CUST0825,April Roy,20,Female,Monthly,2024-12-11,2025-01-16,21,9,1
CUST0826,Tonya Cummings,32,Female,Yearly,2025-09-30,2026-02-16,35,4,1
CUST0827,Ryan Robbins,56,Female,Yearly,2025-02-14,2025-08-01,9,3,1
CUST0828,David Ballard,20,Other,Monthly,2024-08-04,2026-03-16,26,2,0
CUST0829,Edward Jordan,51,Female,Quarterly,2024-07-24,2026-03-04,22,10,0
CUST0830,Dennis Stewart,57,Other,Monthly,2025-12-04,2026-04-22,23,6,0
CUST0831,Gregory Decker,37,Other,Yearly,2025-02-16,2025-04-04,15,5,1
CUST0832,Jason Diaz,48,Male,Quarterly,2025-04-05,2025-08-25,16,6,1
CUST0833,Mark Roberts,36,Male,Yearly,2025-10-04,2026-03-08,41,2,0
CUST0834,Shawn Powers,32,Other,Yearly,2025-03-09,2025-08-29,47,2,1
CUST0835,Julia Mueller,52,Male,Quarterly,2024-05-16,2025-07-06,25,2,1
CUST0836,Melissa Ferguson,28,Other,Quarterly,2025-03-28,2025-10-01,13,2,1
CUST0837,Raymond Mckee,39,Female,Quarterly,2025-07-17,2026-01-15,7,7,1
CUST0838,Danny Gordon,60,Female,Monthly,2025-10-07,2026-02-27,8,10,0
CUST0839,Blake Bryan,20,Male,Quarterly,2025-09-14,2025-10-28,5,10,1
CUST0840,Jason Freeman,59,Female,Quarterly,2025-03-06,2025-06-30,37,7,1
CUST0841,Elizabeth Kennedy,53,Female,Monthly,2025-12-01,2026-04-20,1,9,0
CUST0842,Norma Gallagher,41,Male,Monthly,2024-10-27,2026-02-01,2,2,1
CUST0843,Donald Perez,53,Female,Monthly,2024-09-27,2026-02-04,28,4,1
CUST0844,Jenna Evans,38,Male,Monthly,2024-10-01,2025-09-21,17,1,1
CUST0845,Haley Adams,28,Other,Quarterly,2025-01-25,2025-08-08,47,4,1
CUST0846,Maxwell Perez,38,Male,Quarterly,2025-09-24,2026-03-18,8,2,0
CUST0847,Collin Shepard,23,Female,Monthly,2026-01-20,2026-02-14,23,7,1
CUST0848,Ryan Garcia,36,Female,Monthly,2025-03-16,2025-07-31,37,9,1
CUST0849,Ryan Watson,54,Male,Quarterly,2024-12-12,2025-08-23,22,6,1
CUST0850,Ashley Hanna,22,Female,Monthly,2024-05-10,2024-09-21,37,5,1
CUST0851,Christopher Payne,24,Female,Quarterly,2024-05-25,2025-05-01,42,6,1
CUST0852,Anthony Garcia,60,Other,Yearly,2025-10-11,2026-04-19,37,9,0
CUST0853,Diana Green,48,Male,Monthly,2025-04-23,2025-10-24,36,7,1
CUST0854,Christopher Stanley,50,Male,Quarterly,2025-07-07,2025-08-25,23,4,1
CUST0855,Elizabeth Anderson,53,Other,Monthly,2024-07-16,2025-09-14,19,8,1
CUST0856,Amy Benson,58,Female,Yearly,2024-12-08,2025-05-27,34,2,1
CUST0857,Kevin Brown,25,Male,Monthly,2025-04-18,2025-08-23,6,9,1
CUST0858,Gregory Reid,46,Other,Yearly,2024-09-29,2025-05-23,14,3,1
CUST0859,Michelle Martin,22,Female,Monthly,2024-08-21,2024-10-01,37,6,1
CUST0860,Daniel Aguirre,51,Male,Monthly,2025-01-13,2025-01-28,37,8,1
CUST0861,Hannah Frank,34,Male,Monthly,2025-03-05,2025-12-11,27,1,1
CUST0862,Amy Brooks,51,Female,Monthly,2025-06-01,2025-06-26,37,10,1
CUST0863,Daniel Martin,28,Other,Quarterly,2025-08-20,2025-12-20,15,10,1
CUST0864,Brenda Nelson,32,Other,Quarterly,2025-05-26,2025-11-30,47,9,1
CUST0865,Jonathan Jackson,50,Other,Yearly,2025-05-10,2025-08-07,48,8,1
CUST0866,Hannah Smith,42,Male,Quarterly,2025-11-02,2025-12-25,4,4,1
CUST0867,Michael Elliott DDS,40,Female,Monthly,2025-06-10,2026-01-26,1,5,1
CUST0868,Anita Castaneda,24,Female,Yearly,2026-03-10,2026-03-19,49,5,0
CUST0869,Aaron Alvarez,23,Female,Yearly,2025-08-31,2025-10-20,1,5,1
CUST0870,Mark Armstrong,36,Male,Yearly,2024-12-19,2025-10-09,37,2,1
CUST0871,Matthew Rhodes,36,Other,Yearly,2025-11-23,2026-03-29,39,5,0
CUST0872,Troy Hammond,50,Male,Yearly,2025-12-04,2026-01-07,44,4,1
CUST0873,William Smith,31,Male,Monthly,2024-11-18,2025-10-27,43,2,1
CUST0874,Alexander Moore,27,Other,Yearly,2025-01-07,2025-10-07,5,5,1
CUST0875,Reginald Dunlap,23,Female,Yearly,2025-01-01,2025-02-23,16,3,1
CUST0876,Scott Walker,48,Female,Quarterly,2025-08-02,2025-09-28,27,4,1
CUST0877,Jason Sanchez,31,Male,Yearly,2025-11-19,2025-12-25,23,4,1
CUST0878,Brenda Stewart,56,Other,Monthly,2025-04-08,2025-06-23,32,1,1
CUST0879,Courtney Lane,39,Female,Quarterly,2025-06-17,2026-03-23,18,9,0
CUST0880,Eric Santos,24,Female,Yearly,2025-06-30,2025-10-02,23,4,1
CUST0881,Lawrence Reed,33,Female,Quarterly,2025-11-10,2026-04-21,49,7,0
CUST0882,Amber Jones,31,Male,Yearly,2024-12-25,2026-02-08,44,8,1
CUST0883,Catherine Daniel,18,Other,Monthly,2025-01-06,2025-01-07,33,6,1
CUST0884,Christina Stewart,55,Female,Quarterly,2025-11-08,2026-03-15,2,2,1
CUST0885,Wendy Nguyen,52,Other,Quarterly,2025-06-16,2025-11-15,39,4,1
CUST0886,Jeffery Harper,34,Male,Yearly,2025-08-25,2026-03-27,14,5,0
CUST0887,Michael Oconnor,56,Male,Monthly,2024-10-02,2026-02-16,50,1,1
CUST0888,Sheila Perez,38,Female,Yearly,2025-06-18,2026-04-22,23,3,0
CUST0889,Shannon Johnson,56,Female,Monthly,2025-12-04,2026-01-30,18,7,1
CUST0890,Diana Miller,41,Male,Quarterly,2025-06-30,2026-02-19,41,6,1
CUST0891,Henry Cooper,49,Other,Quarterly,2025-11-20,2026-02-01,18,4,1
CUST0892,Randy Gomez,50,Male,Yearly,2024-10-05,2025-10-16,28,9,1
CUST0893,Benjamin Jackson,51,Male,Yearly,2024-05-21,2024-07-25,36,5,1
CUST0894,Shelby Martin,47,Male,Monthly,2025-12-29,2026-04-21,20,10,0
CUST0895,Susan Zavala,50,Female,Quarterly,2025-02-08,2025-05-28,32,5,1
CUST0896,Richard Gutierrez,46,Female,Quarterly,2026-01-30,2026-03-02,16,4,0
CUST0897,Cynthia Vargas,56,Male,Quarterly,2025-08-16,2026-01-22,8,1,1
CUST0898,Brian Hernandez,36,Female,Quarterly,2024-08-11,2024-12-15,44,2,1
CUST0899,David Mendez,35,Other,Quarterly,2024-06-21,2025-09-23,50,8,1
CUST0900,Susan Johnson,48,Other,Yearly,2025-04-26,2025-10-05,1,7,1
CUST0901,Philip Mason,26,Female,Quarterly,2025-01-06,2026-03-30,50,5,0
CUST0902,Melanie Martinez,29,Male,Monthly,2025-04-08,2025-11-04,35,4,1
CUST0903,Christopher Reed,45,Male,Yearly,2025-03-07,2026-03-17,0,4,1
CUST0904,Isaiah Houston MD,52,Female,Monthly,2026-01-27,2026-02-15,21,3,1
CUST0905,Alex Duncan,18,Other,Monthly,2024-11-27,2025-06-05,50,3,1
CUST0906,Daniel Taylor,55,Male,Yearly,2025-06-17,2025-09-07,25,9,1
CUST0907,Wesley Brown,24,Female,Quarterly,2024-09-17,2025-09-10,31,2,1
CUST0908,Angela Vaughn,29,Male,Quarterly,2025-10-08,2025-10-11,45,5,1
CUST0909,Lori Wilcox,37,Female,Monthly,2025-03-14,2025-03-16,44,1,1
CUST0910,Erika Rich,37,Other,Yearly,2025-06-05,2026-03-04,40,4,0
CUST0911,Autumn Tucker,30,Female,Quarterly,2026-01-12,2026-04-24,16,10,0
CUST0912,Judith Snyder DDS,47,Other,Quarterly,2025-10-25,2026-01-06,35,9,1
CUST0913,David Fry,38,Other,Yearly,2025-10-13,2026-01-14,41,3,1
CUST0914,Donald Silva,57,Female,Monthly,2024-10-26,2026-03-04,15,7,0
CUST0915,Travis Brooks,47,Female,Yearly,2025-12-21,2026-02-26,27,9,0
CUST0916,Kenneth Tyler,58,Other,Quarterly,2024-12-14,2025-04-23,8,7,1
CUST0917,Paul Hoffman,36,Female,Quarterly,2026-01-16,2026-04-24,48,1,0
CUST0918,Angela Stafford,47,Other,Quarterly,2025-10-28,2025-11-24,9,5,1
CUST0919,Melody Fernandez,58,Other,Yearly,2025-05-23,2025-06-15,19,1,1
CUST0920,Alexandria Ramirez,41,Male,Quarterly,2026-02-07,2026-04-12,17,1,0
CUST0921,Ashley Russell,56,Other,Quarterly,2024-06-07,2025-10-30,31,3,1
CUST0922,Jeffery Newman,60,Male,Monthly,2024-10-31,2025-03-16,19,8,1
CUST0923,Crystal Whitaker,35,Other,Monthly,2025-07-15,2025-10-31,24,9,1
CUST0924,Ryan Clark,24,Other,Yearly,2024-07-23,2026-03-13,28,5,0
CUST0925,Lauren Santana,30,Other,Yearly,2024-07-27,2026-01-18,10,9,1
CUST0926,Nicole Jones,44,Male,Monthly,2025-11-29,2026-03-31,14,6,0
CUST0927,Joel Carter,26,Male,Quarterly,2025-11-04,2026-01-25,0,5,1
CUST0928,Jennifer Trujillo,22,Other,Monthly,2024-10-29,2025-06-08,29,9,1
CUST0929,Peter Evans,55,Female,Monthly,2025-06-27,2025-12-05,6,9,1
CUST0930,Valerie Davidson,28,Male,Monthly,2025-11-23,2026-01-05,14,1,1
CUST0931,Alex Butler,36,Female,Yearly,2024-07-04,2025-08-12,3,6,1
CUST0932,Joshua Freeman,34,Other,Yearly,2026-03-23,2026-04-17,14,1,0
CUST0933,Shawn Mcclure,27,Female,Yearly,2025-12-26,2026-01-22,20,9,1
CUST0934,Frank Collins,27,Female,Quarterly,2025-07-12,2026-01-13,45,6,1
CUST0935,Peter Peterson,30,Female,Quarterly,2025-12-03,2026-01-16,2,3,1
CUST0936,Robert Lopez,55,Male,Yearly,2025-07-05,2026-03-12,5,3,0
CUST0937,Andrew Reid,32,Other,Quarterly,2024-10-29,2026-02-19,46,6,1
CUST0938,James Duncan,53,Female,Quarterly,2024-10-09,2025-03-13,4,1,1
CUST0939,Jordan Barker,34,Male,Yearly,2025-12-31,2026-01-16,10,3,1
CUST0940,Jonathan Sharp,25,Male,Quarterly,2025-07-07,2025-11-02,15,10,1
CUST0941,Eric Flowers,38,Female,Quarterly,2025-12-08,2026-03-23,33,5,0
CUST0942,Jennifer King,48,Other,Quarterly,2024-12-18,2025-11-10,23,10,1
CUST0943,Ashley Francis,52,Male,Monthly,2026-03-20,2026-04-11,40,9,0
CUST0944,Mrs. Jamie Hicks,43,Other,Quarterly,2024-05-07,2025-11-09,35,5,1
CUST0945,Patricia Powell,23,Female,Monthly,2025-02-12,2025-04-22,19,9,1
CUST0946,Bryan Nelson,56,Female,Yearly,2025-02-05,2026-03-27,30,2,0
CUST0947,Brenda Carrillo,23,Male,Monthly,2024-09-17,2025-04-24,50,1,1
CUST0948,Julie Perez,21,Other,Yearly,2025-09-17,2026-04-16,23,3,0
CUST0949,John Miles,20,Male,Yearly,2024-11-19,2025-11-05,39,4,1
CUST0950,Sharon Williams,30,Other,Yearly,2025-12-26,2025-12-27,16,2,1
CUST0951,Frank Travis,22,Other,Yearly,2025-04-10,2025-08-27,46,4,1
CUST0952,Emily Booth,52,Male,Quarterly,2024-06-04,2024-09-28,47,5,1
CUST0953,Jesse Castaneda,42,Female,Yearly,2025-02-01,2025-04-16,37,9,1
CUST0954,Tyler Houston,40,Male,Yearly,2025-01-18,2025-10-07,3,2,1
CUST0955,James Mendoza,53,Other,Yearly,2025-08-13,2025-12-31,40,7,1
CUST0956,Sean Cobb,35,Other,Monthly,2024-08-02,2025-06-22,2,9,1
CUST0957,Brandon Jones,46,Other,Monthly,2024-08-21,2025-01-03,10,2,1
CUST0958,Heather Miller,49,Male,Quarterly,2026-01-22,2026-03-26,12,9,0
CUST0959,Ian Li,44,Male,Monthly,2025-01-23,2025-11-11,34,2,1
CUST0960,Samuel Sawyer,54,Female,Monthly,2025-08-18,2026-02-24,44,6,0
CUST0961,William Franco,52,Male,Monthly,2025-01-29,2025-03-05,8,1,1
CUST0962,Mary York,35,Male,Monthly,2025-09-29,2026-02-28,23,2,0
CUST0963,Angela Roberts,48,Other,Yearly,2025-07-02,2026-01-24,6,5,1
CUST0964,Kathryn Norris,20,Female,Yearly,2025-12-21,2026-03-24,15,10,0
CUST0965,Leah Holmes,53,Other,Monthly,2024-06-13,2025-12-23,39,6,1
CUST0966,Robert Li,34,Male,Yearly,2025-11-07,2026-02-11,39,2,1
CUST0967,Carolyn Richmond,19,Female,Quarterly,2025-02-06,2025-05-03,25,6,1
CUST0968,Kyle Brown,41,Male,Monthly,2024-08-02,2024-08-14,15,6,1
CUST0969,Kristy Woods,46,Other,Monthly,2024-10-29,2025-09-07,39,9,1
CUST0970,Raymond Lewis,23,Female,Quarterly,2024-06-03,2024-08-29,48,10,1
CUST0971,Elijah Green,57,Female,Quarterly,2025-08-17,2026-03-28,41,9,0
CUST0972,Mary Coleman,42,Male,Monthly,2025-03-09,2025-10-11,33,7,1
CUST0973,Jesse Mueller,38,Female,Monthly,2024-06-21,2026-04-14,16,1,0
CUST0974,Brandon Hill,30,Female,Monthly,2025-12-19,2026-01-27,48,9,1
CUST0975,Patrick Ayala,24,Other,Quarterly,2024-08-21,2024-12-23,34,10,1
CUST0976,Kevin Johnson,44,Other,Quarterly,2024-07-04,2024-10-18,29,4,1
CUST0977,Ashley Melendez,24,Female,Yearly,2024-09-02,2025-10-04,31,9,1
CUST0978,Timothy Ford,34,Other,Yearly,2025-02-07,2025-07-14,34,7,1
CUST0979,Kathleen Smith DDS,60,Male,Yearly,2026-01-05,2026-04-15,21,10,0
CUST0980,Jay Schwartz,49,Other,Quarterly,2024-11-30,2025-10-26,16,1,1
CUST0981,Kayla Baker,59,Other,Yearly,2025-03-04,2025-06-15,21,8,1
CUST0982,Alec Kelly,24,Female,Yearly,2026-03-20,2026-04-23,8,10,0
CUST0983,Mark Nelson,38,Other,Monthly,2024-05-30,2026-02-25,28,3,0
CUST0984,Amanda Miller,30,Male,Quarterly,2025-07-29,2025-11-15,8,5,1
CUST0985,Sheila Kim,19,Female,Monthly,2025-04-28,2026-01-20,46,1,1
CUST0986,Heidi Holmes,29,Other,Quarterly,2026-02-28,2026-03-20,3,4,1
CUST0987,Nancy Smith,52,Male,Monthly,2025-03-03,2025-12-15,46,5,1
CUST0988,Kenneth Aguirre,42,Female,Monthly,2025-11-15,2026-04-08,1,5,0
CUST0989,Joseph Mcguire,31,Male,Yearly,2025-04-16,2026-04-23,41,3,0
CUST0990,Kathleen Williams,41,Female,Yearly,2026-01-27,2026-03-11,13,6,0
CUST0991,Russell White,52,Other,Yearly,2024-09-28,2025-11-06,36,7,1
CUST0992,Christopher Martinez,57,Male,Yearly,2024-11-17,2025-03-02,29,5,1
CUST0993,David Howard,58,Male,Yearly,2026-01-28,2026-02-23,27,4,1
CUST0994,Christopher Fields,58,Male,Monthly,2024-05-07,2025-07-03,6,3,1
CUST0995,Chad White,46,Male,Monthly,2025-05-02,2025-06-02,39,9,1
CUST0996,James Johns,24,Female,Yearly,2025-06-08,2025-10-18,36,9,1
CUST0997,Jimmy Gaines,20,Female,Quarterly,2025-11-09,2026-03-25,4,8,0
CUST0998,Thomas Brown,56,Female,Monthly,2024-10-14,2024-11-21,20,7,1
CUST0999,Erin Matthews,26,Other,Monthly,2026-03-25,2026-04-09,7,4,0
CUST1000,Anthony Clark,19,Other,Monthly,2025-01-05,2025-08-05,30,7,1
